/*
Navicat MySQL Data Transfer

Source Server         : localhost
Source Server Version : 50515
Source Host           : localhost:3306
Source Database       : db_employessleave

Target Server Type    : MYSQL
Target Server Version : 50515
File Encoding         : 65001

Date: 2017-03-16 16:53:24
*/

SET FOREIGN_KEY_CHECKS=0;

-- ----------------------------
-- Table structure for `act_evt_log`
-- ----------------------------
DROP TABLE IF EXISTS `act_evt_log`;
CREATE TABLE `act_evt_log` (
  `LOG_NR_` bigint(20) NOT NULL AUTO_INCREMENT,
  `TYPE_` varchar(64) COLLATE utf8_bin DEFAULT NULL,
  `PROC_DEF_ID_` varchar(64) COLLATE utf8_bin DEFAULT NULL,
  `PROC_INST_ID_` varchar(64) COLLATE utf8_bin DEFAULT NULL,
  `EXECUTION_ID_` varchar(64) COLLATE utf8_bin DEFAULT NULL,
  `TASK_ID_` varchar(64) COLLATE utf8_bin DEFAULT NULL,
  `TIME_STAMP_` timestamp NOT NULL DEFAULT CURRENT_TIMESTAMP ON UPDATE CURRENT_TIMESTAMP,
  `USER_ID_` varchar(255) COLLATE utf8_bin DEFAULT NULL,
  `DATA_` longblob,
  `LOCK_OWNER_` varchar(255) COLLATE utf8_bin DEFAULT NULL,
  `LOCK_TIME_` timestamp NULL DEFAULT NULL,
  `IS_PROCESSED_` tinyint(4) DEFAULT '0',
  PRIMARY KEY (`LOG_NR_`)
) ENGINE=InnoDB DEFAULT CHARSET=utf8 COLLATE=utf8_bin;

-- ----------------------------
-- Records of act_evt_log
-- ----------------------------

-- ----------------------------
-- Table structure for `act_ge_bytearray`
-- ----------------------------
DROP TABLE IF EXISTS `act_ge_bytearray`;
CREATE TABLE `act_ge_bytearray` (
  `ID_` varchar(64) COLLATE utf8_bin NOT NULL DEFAULT '',
  `REV_` int(11) DEFAULT NULL,
  `NAME_` varchar(255) COLLATE utf8_bin DEFAULT NULL,
  `DEPLOYMENT_ID_` varchar(64) COLLATE utf8_bin DEFAULT NULL,
  `BYTES_` longblob,
  `GENERATED_` tinyint(4) DEFAULT NULL,
  PRIMARY KEY (`ID_`),
  KEY `ACT_FK_BYTEARR_DEPL` (`DEPLOYMENT_ID_`),
  CONSTRAINT `ACT_FK_BYTEARR_DEPL` FOREIGN KEY (`DEPLOYMENT_ID_`) REFERENCES `act_re_deployment` (`ID_`)
) ENGINE=InnoDB DEFAULT CHARSET=utf8 COLLATE=utf8_bin;

-- ----------------------------
-- Records of act_ge_bytearray
-- ----------------------------
INSERT INTO `act_ge_bytearray` VALUES ('40002', '1', 'diagrams/activitiEmployeeProcess.bpmn', '40001', 0x3C3F786D6C2076657273696F6E3D22312E302220656E636F64696E673D225554462D38223F3E0A3C646566696E6974696F6E7320786D6C6E733D22687474703A2F2F7777772E6F6D672E6F72672F737065632F42504D4E2F32303130303532342F4D4F44454C2220786D6C6E733A7873693D22687474703A2F2F7777772E77332E6F72672F323030312F584D4C536368656D612D696E7374616E63652220786D6C6E733A7873643D22687474703A2F2F7777772E77332E6F72672F323030312F584D4C536368656D612220786D6C6E733A61637469766974693D22687474703A2F2F61637469766974692E6F72672F62706D6E2220786D6C6E733A62706D6E64693D22687474703A2F2F7777772E6F6D672E6F72672F737065632F42504D4E2F32303130303532342F44492220786D6C6E733A6F6D6764633D22687474703A2F2F7777772E6F6D672E6F72672F737065632F44442F32303130303532342F44432220786D6C6E733A6F6D6764693D22687474703A2F2F7777772E6F6D672E6F72672F737065632F44442F32303130303532342F44492220747970654C616E67756167653D22687474703A2F2F7777772E77332E6F72672F323030312F584D4C536368656D61222065787072657373696F6E4C616E67756167653D22687474703A2F2F7777772E77332E6F72672F313939392F585061746822207461726765744E616D6573706163653D22687474703A2F2F7777772E61637469766974692E6F72672F74657374223E0A20203C70726F636573732069643D226163746976697469656D706C6F79656550726F6365737322206E616D653D22416374697669746920456D706C6F7965652050726F636573732220697345786563757461626C653D2274727565223E0A202020203C73746172744576656E742069643D2273746172746576656E743222206E616D653D22E5BC80E5A78BE6B581E7A88B223E3C2F73746172744576656E743E0A202020203C656E644576656E742069643D22656E646576656E743222206E616D653D22E6B581E7A88BE7BB93E69D9F223E3C2F656E644576656E743E0A202020203C757365725461736B2069643D22757365727461736B3622206E616D653D22E59198E5B7A5E58F91E8B5B7E8AFB7E58187E794B3E8AFB7222061637469766974693A63616E64696461746547726F7570733D22656D70223E3C2F757365725461736B3E0A202020203C757365725461736B2069643D22757365727461736B3722206E616D653D22E9A1B9E79BAEE7BB84E995BFE5AEA1E689B9222061637469766974693A63616E64696461746547726F7570733D227A757A222061637469766974693A666F726D4B65793D2261756469745F627A2E6A7370223E3C2F757365725461736B3E0A202020203C73657175656E6365466C6F772069643D22666C6F7731312220736F757263655265663D2273746172746576656E743222207461726765745265663D22757365727461736B36223E3C2F73657175656E6365466C6F773E0A202020203C73657175656E6365466C6F772069643D22666C6F7731322220736F757263655265663D22757365727461736B3622207461726765745265663D22757365727461736B37223E3C2F73657175656E6365466C6F773E0A202020203C73657175656E6365466C6F772069643D22666C6F77323022206E616D653D22E69CAAE9809AE8BF872220736F757263655265663D22757365727461736B3722207461726765745265663D22656E646576656E7432223E0A2020202020203C636F6E646974696F6E45787072657373696F6E207873693A747970653D2274466F726D616C45787072657373696F6E223E3C215B43444154415B247B6D73673D3D27E69CAAE9809AE8BF87277D5D5D3E3C2F636F6E646974696F6E45787072657373696F6E3E0A202020203C2F73657175656E6365466C6F773E0A202020203C757365725461736B2069643D22757365727461736B3822206E616D653D22E9A1B9E79BAEE7BB8FE79086E5AEA1E689B9222061637469766974693A63616E64696461746547726F7570733D226A6C222061637469766974693A666F726D4B65793D2261756469745F6C642E6A7370223E3C2F757365725461736B3E0A202020203C757365725461736B2069643D22757365727461736B3922206E616D653D22E9A1B9E79BAEE680BBE79B91E5AEA1E689B9222061637469766974693A63616E64696461746547726F7570733D227A6A222061637469766974693A666F726D4B65793D2261756469745F6C642E6A7370223E3C2F757365725461736B3E0A202020203C706172616C6C656C476174657761792069643D22706172616C6C656C676174657761793122206E616D653D22E5B9B6E8A18CE7BD91E585B3E5BC80E5A78BE5A484E79086223E3C2F706172616C6C656C476174657761793E0A202020203C706172616C6C656C476174657761792069643D22706172616C6C656C676174657761793222206E616D653D22E5B9B6E8A18CE7BD91E585B3E5A484E79086E7BB93E69D9F223E3C2F706172616C6C656C476174657761793E0A202020203C757365725461736B2069643D22757365727461736B313022206E616D653D22E4BABAE4BA8BE983A8E5A484E79086E5AEA1E689B9222061637469766974693A63616E64696461746547726F7570733D2272736869222061637469766974693A666F726D4B65793D2261756469745F6C642E6A7370223E3C2F757365725461736B3E0A202020203C6578636C7573697665476174657761792069643D226578636C7573697665676174657761793122206E616D653D22E68E92E4BB96E7BD91E585B3E5BC80E5A78BE588A4E696AD223E3C2F6578636C7573697665476174657761793E0A202020203C757365725461736B2069643D22757365727461736B313122206E616D653D22E585ACE58FB8E589AFE680BBE8A381E5AEA1E689B9222061637469766974693A63616E64696461746547726F7570733D22667A222061637469766974693A666F726D4B65793D2261756469745F6C642E6A7370223E3C2F757365725461736B3E0A202020203C757365725461736B2069643D22757365727461736B313222206E616D653D22E585ACE58FB8E680BBE8A381E5AEA1E689B9222061637469766974693A63616E64696461746547726F7570733D227A63222061637469766974693A666F726D4B65793D2261756469745F6C642E6A7370223E3C2F757365725461736B3E0A202020203C73657175656E6365466C6F772069643D22666C6F77323122206E616D653D22E9809AE8BF872220736F757263655265663D22757365727461736B3722207461726765745265663D22706172616C6C656C6761746577617931223E0A2020202020203C636F6E646974696F6E45787072657373696F6E207873693A747970653D2274466F726D616C45787072657373696F6E223E3C215B43444154415B247B6D73673D3D27E9809AE8BF87277D5D5D3E3C2F636F6E646974696F6E45787072657373696F6E3E0A202020203C2F73657175656E6365466C6F773E0A202020203C73657175656E6365466C6F772069643D22666C6F7732322220736F757263655265663D22706172616C6C656C676174657761793122207461726765745265663D22757365727461736B38223E3C2F73657175656E6365466C6F773E0A202020203C73657175656E6365466C6F772069643D22666C6F7732332220736F757263655265663D22706172616C6C656C676174657761793122207461726765745265663D22757365727461736B39223E3C2F73657175656E6365466C6F773E0A202020203C73657175656E6365466C6F772069643D22666C6F7732342220736F757263655265663D22757365727461736B3922207461726765745265663D22706172616C6C656C6761746577617932223E3C2F73657175656E6365466C6F773E0A202020203C73657175656E6365466C6F772069643D22666C6F7732352220736F757263655265663D22757365727461736B3822207461726765745265663D22706172616C6C656C6761746577617932223E3C2F73657175656E6365466C6F773E0A202020203C73657175656E6365466C6F772069643D22666C6F77323622206E616D653D22E5BC80E5A78BE5A484E790862220736F757263655265663D22706172616C6C656C676174657761793222207461726765745265663D22757365727461736B3130223E3C2F73657175656E6365466C6F773E0A202020203C73657175656E6365466C6F772069643D22666C6F77323722206E616D653D22E5A484E79086E7BB93E69D9F2220736F757263655265663D22757365727461736B313022207461726765745265663D226578636C75736976656761746577617931223E3C2F73657175656E6365466C6F773E0A202020203C73657175656E6365466C6F772069643D22666C6F77323822206E616D653D22E5B08FE4BA8E37E5A4A92220736F757263655265663D226578636C7573697665676174657761793122207461726765745265663D22757365727461736B3131223E0A2020202020203C636F6E646974696F6E45787072657373696F6E207873693A747970653D2274466F726D616C45787072657373696F6E223E3C215B43444154415B247B646173793C377D5D5D3E3C2F636F6E646974696F6E45787072657373696F6E3E0A202020203C2F73657175656E6365466C6F773E0A202020203C73657175656E6365466C6F772069643D22666C6F77323922206E616D653D22E5A4A7E4BA8E37E5A4A92220736F757263655265663D226578636C7573697665676174657761793122207461726765745265663D22757365727461736B3132223E0A2020202020203C636F6E646974696F6E45787072657373696F6E207873693A747970653D2274466F726D616C45787072657373696F6E223E3C215B43444154415B247B646173793E3D377D5D5D3E3C2F636F6E646974696F6E45787072657373696F6E3E0A202020203C2F73657175656E6365466C6F773E0A202020203C73657175656E6365466C6F772069643D22666C6F7733302220736F757263655265663D22757365727461736B313222207461726765745265663D22656E646576656E7432223E3C2F73657175656E6365466C6F773E0A202020203C73657175656E6365466C6F772069643D22666C6F7733312220736F757263655265663D22757365727461736B313122207461726765745265663D22656E646576656E7432223E3C2F73657175656E6365466C6F773E0A20203C2F70726F636573733E0A20203C62706D6E64693A42504D4E4469616772616D2069643D2242504D4E4469616772616D5F6163746976697469656D706C6F79656550726F63657373223E0A202020203C62706D6E64693A42504D4E506C616E652062706D6E456C656D656E743D226163746976697469656D706C6F79656550726F63657373222069643D2242504D4E506C616E655F6163746976697469656D706C6F79656550726F63657373223E0A2020202020203C62706D6E64693A42504D4E53686170652062706D6E456C656D656E743D2273746172746576656E7432222069643D2242504D4E53686170655F73746172746576656E7432223E0A20202020202020203C6F6D6764633A426F756E6473206865696768743D2233352E30222077696474683D2233352E302220783D22312E302220793D223136302E30223E3C2F6F6D6764633A426F756E64733E0A2020202020203C2F62706D6E64693A42504D4E53686170653E0A2020202020203C62706D6E64693A42504D4E53686170652062706D6E456C656D656E743D22656E646576656E7432222069643D2242504D4E53686170655F656E646576656E7432223E0A20202020202020203C6F6D6764633A426F756E6473206865696768743D2233352E30222077696474683D2233352E302220783D22313139302E302220793D223136302E30223E3C2F6F6D6764633A426F756E64733E0A2020202020203C2F62706D6E64693A42504D4E53686170653E0A2020202020203C62706D6E64693A42504D4E53686170652062706D6E456C656D656E743D22757365727461736B36222069643D2242504D4E53686170655F757365727461736B36223E0A20202020202020203C6F6D6764633A426F756E6473206865696768743D2235352E30222077696474683D223130352E302220783D2237302E302220793D223135302E30223E3C2F6F6D6764633A426F756E64733E0A2020202020203C2F62706D6E64693A42504D4E53686170653E0A2020202020203C62706D6E64693A42504D4E53686170652062706D6E456C656D656E743D22757365727461736B37222069643D2242504D4E53686170655F757365727461736B37223E0A20202020202020203C6F6D6764633A426F756E6473206865696768743D2235352E30222077696474683D223130352E302220783D223230302E302220793D223135302E30223E3C2F6F6D6764633A426F756E64733E0A2020202020203C2F62706D6E64693A42504D4E53686170653E0A2020202020203C62706D6E64693A42504D4E53686170652062706D6E456C656D656E743D22757365727461736B38222069643D2242504D4E53686170655F757365727461736B38223E0A20202020202020203C6F6D6764633A426F756E6473206865696768743D2235352E30222077696474683D223130352E302220783D223434302E302220793D2231302E30223E3C2F6F6D6764633A426F756E64733E0A2020202020203C2F62706D6E64693A42504D4E53686170653E0A2020202020203C62706D6E64693A42504D4E53686170652062706D6E456C656D656E743D22757365727461736B39222069643D2242504D4E53686170655F757365727461736B39223E0A20202020202020203C6F6D6764633A426F756E6473206865696768743D2235352E30222077696474683D223130352E302220783D223434302E302220793D223238302E30223E3C2F6F6D6764633A426F756E64733E0A2020202020203C2F62706D6E64693A42504D4E53686170653E0A2020202020203C62706D6E64693A42504D4E53686170652062706D6E456C656D656E743D22706172616C6C656C6761746577617931222069643D2242504D4E53686170655F706172616C6C656C6761746577617931223E0A20202020202020203C6F6D6764633A426F756E6473206865696768743D2234302E30222077696474683D2234302E302220783D223336302E302220793D223135372E30223E3C2F6F6D6764633A426F756E64733E0A2020202020203C2F62706D6E64693A42504D4E53686170653E0A2020202020203C62706D6E64693A42504D4E53686170652062706D6E456C656D656E743D22706172616C6C656C6761746577617932222069643D2242504D4E53686170655F706172616C6C656C6761746577617932223E0A20202020202020203C6F6D6764633A426F756E6473206865696768743D2234302E30222077696474683D2234302E302220783D223538302E302220793D223135372E30223E3C2F6F6D6764633A426F756E64733E0A2020202020203C2F62706D6E64693A42504D4E53686170653E0A2020202020203C62706D6E64693A42504D4E53686170652062706D6E456C656D656E743D22757365727461736B3130222069643D2242504D4E53686170655F757365727461736B3130223E0A20202020202020203C6F6D6764633A426F756E6473206865696768743D2235352E30222077696474683D223130352E302220783D223731302E302220793D223135302E30223E3C2F6F6D6764633A426F756E64733E0A2020202020203C2F62706D6E64693A42504D4E53686170653E0A2020202020203C62706D6E64693A42504D4E53686170652062706D6E456C656D656E743D226578636C75736976656761746577617931222069643D2242504D4E53686170655F6578636C75736976656761746577617931223E0A20202020202020203C6F6D6764633A426F756E6473206865696768743D2234302E30222077696474683D2234302E302220783D223839302E302220793D223135372E30223E3C2F6F6D6764633A426F756E64733E0A2020202020203C2F62706D6E64693A42504D4E53686170653E0A2020202020203C62706D6E64693A42504D4E53686170652062706D6E456C656D656E743D22757365727461736B3131222069643D2242504D4E53686170655F757365727461736B3131223E0A20202020202020203C6F6D6764633A426F756E6473206865696768743D2235352E30222077696474683D223130352E302220783D223939302E302220793D2231302E30223E3C2F6F6D6764633A426F756E64733E0A2020202020203C2F62706D6E64693A42504D4E53686170653E0A2020202020203C62706D6E64693A42504D4E53686170652062706D6E456C656D656E743D22757365727461736B3132222069643D2242504D4E53686170655F757365727461736B3132223E0A20202020202020203C6F6D6764633A426F756E6473206865696768743D2235352E30222077696474683D223130352E302220783D223939302E302220793D223238302E30223E3C2F6F6D6764633A426F756E64733E0A2020202020203C2F62706D6E64693A42504D4E53686170653E0A2020202020203C62706D6E64693A42504D4E456467652062706D6E456C656D656E743D22666C6F773131222069643D2242504D4E456467655F666C6F773131223E0A20202020202020203C6F6D6764693A776179706F696E7420783D2233362E302220793D223137372E30223E3C2F6F6D6764693A776179706F696E743E0A20202020202020203C6F6D6764693A776179706F696E7420783D2237302E302220793D223137372E30223E3C2F6F6D6764693A776179706F696E743E0A2020202020203C2F62706D6E64693A42504D4E456467653E0A2020202020203C62706D6E64693A42504D4E456467652062706D6E456C656D656E743D22666C6F773132222069643D2242504D4E456467655F666C6F773132223E0A20202020202020203C6F6D6764693A776179706F696E7420783D223137352E302220793D223137372E30223E3C2F6F6D6764693A776179706F696E743E0A20202020202020203C6F6D6764693A776179706F696E7420783D223230302E302220793D223137372E30223E3C2F6F6D6764693A776179706F696E743E0A2020202020203C2F62706D6E64693A42504D4E456467653E0A2020202020203C62706D6E64693A42504D4E456467652062706D6E456C656D656E743D22666C6F773230222069643D2242504D4E456467655F666C6F773230223E0A20202020202020203C6F6D6764693A776179706F696E7420783D223235322E302220793D223230352E30223E3C2F6F6D6764693A776179706F696E743E0A20202020202020203C6F6D6764693A776179706F696E7420783D223235322E302220793D223338342E30223E3C2F6F6D6764693A776179706F696E743E0A20202020202020203C6F6D6764693A776179706F696E7420783D223530372E302220793D223338342E30223E3C2F6F6D6764693A776179706F696E743E0A20202020202020203C6F6D6764693A776179706F696E7420783D223736382E302220793D223338342E30223E3C2F6F6D6764693A776179706F696E743E0A20202020202020203C6F6D6764693A776179706F696E7420783D223932372E302220793D223338342E30223E3C2F6F6D6764693A776179706F696E743E0A20202020202020203C6F6D6764693A776179706F696E7420783D22313138372E302220793D223338342E30223E3C2F6F6D6764693A776179706F696E743E0A20202020202020203C6F6D6764693A776179706F696E7420783D22313230372E302220793D223338342E30223E3C2F6F6D6764693A776179706F696E743E0A20202020202020203C6F6D6764693A776179706F696E7420783D22313230372E302220793D223139352E30223E3C2F6F6D6764693A776179706F696E743E0A20202020202020203C62706D6E64693A42504D4E4C6162656C3E0A202020202020202020203C6F6D6764633A426F756E6473206865696768743D2231342E30222077696474683D2233362E302220783D223335302E302220793D223336392E30223E3C2F6F6D6764633A426F756E64733E0A20202020202020203C2F62706D6E64693A42504D4E4C6162656C3E0A2020202020203C2F62706D6E64693A42504D4E456467653E0A2020202020203C62706D6E64693A42504D4E456467652062706D6E456C656D656E743D22666C6F773231222069643D2242504D4E456467655F666C6F773231223E0A20202020202020203C6F6D6764693A776179706F696E7420783D223330352E302220793D223137372E30223E3C2F6F6D6764693A776179706F696E743E0A20202020202020203C6F6D6764693A776179706F696E7420783D223336302E302220793D223137372E30223E3C2F6F6D6764693A776179706F696E743E0A20202020202020203C62706D6E64693A42504D4E4C6162656C3E0A202020202020202020203C6F6D6764633A426F756E6473206865696768743D2231342E30222077696474683D2232342E302220783D223331372E302220793D223136302E30223E3C2F6F6D6764633A426F756E64733E0A20202020202020203C2F62706D6E64693A42504D4E4C6162656C3E0A2020202020203C2F62706D6E64693A42504D4E456467653E0A2020202020203C62706D6E64693A42504D4E456467652062706D6E456C656D656E743D22666C6F773232222069643D2242504D4E456467655F666C6F773232223E0A20202020202020203C6F6D6764693A776179706F696E7420783D223338302E302220793D223135372E30223E3C2F6F6D6764693A776179706F696E743E0A20202020202020203C6F6D6764693A776179706F696E7420783D223338302E302220793D2233372E30223E3C2F6F6D6764693A776179706F696E743E0A20202020202020203C6F6D6764693A776179706F696E7420783D223434302E302220793D2233372E30223E3C2F6F6D6764693A776179706F696E743E0A2020202020203C2F62706D6E64693A42504D4E456467653E0A2020202020203C62706D6E64693A42504D4E456467652062706D6E456C656D656E743D22666C6F773233222069643D2242504D4E456467655F666C6F773233223E0A20202020202020203C6F6D6764693A776179706F696E7420783D223338302E302220793D223139372E30223E3C2F6F6D6764693A776179706F696E743E0A20202020202020203C6F6D6764693A776179706F696E7420783D223338302E302220793D223330372E30223E3C2F6F6D6764693A776179706F696E743E0A20202020202020203C6F6D6764693A776179706F696E7420783D223434302E302220793D223330372E30223E3C2F6F6D6764693A776179706F696E743E0A2020202020203C2F62706D6E64693A42504D4E456467653E0A2020202020203C62706D6E64693A42504D4E456467652062706D6E456C656D656E743D22666C6F773234222069643D2242504D4E456467655F666C6F773234223E0A20202020202020203C6F6D6764693A776179706F696E7420783D223534352E302220793D223330372E30223E3C2F6F6D6764693A776179706F696E743E0A20202020202020203C6F6D6764693A776179706F696E7420783D223630302E302220793D223330372E30223E3C2F6F6D6764693A776179706F696E743E0A20202020202020203C6F6D6764693A776179706F696E7420783D223630302E302220793D223139372E30223E3C2F6F6D6764693A776179706F696E743E0A2020202020203C2F62706D6E64693A42504D4E456467653E0A2020202020203C62706D6E64693A42504D4E456467652062706D6E456C656D656E743D22666C6F773235222069643D2242504D4E456467655F666C6F773235223E0A20202020202020203C6F6D6764693A776179706F696E7420783D223534352E302220793D2233372E30223E3C2F6F6D6764693A776179706F696E743E0A20202020202020203C6F6D6764693A776179706F696E7420783D223630302E302220793D2233372E30223E3C2F6F6D6764693A776179706F696E743E0A20202020202020203C6F6D6764693A776179706F696E7420783D223630302E302220793D223135372E30223E3C2F6F6D6764693A776179706F696E743E0A2020202020203C2F62706D6E64693A42504D4E456467653E0A2020202020203C62706D6E64693A42504D4E456467652062706D6E456C656D656E743D22666C6F773236222069643D2242504D4E456467655F666C6F773236223E0A20202020202020203C6F6D6764693A776179706F696E7420783D223632302E302220793D223137372E30223E3C2F6F6D6764693A776179706F696E743E0A20202020202020203C6F6D6764693A776179706F696E7420783D223731302E302220793D223137372E30223E3C2F6F6D6764693A776179706F696E743E0A20202020202020203C62706D6E64693A42504D4E4C6162656C3E0A202020202020202020203C6F6D6764633A426F756E6473206865696768743D2231342E30222077696474683D2234382E302220783D223633392E302220793D223136302E30223E3C2F6F6D6764633A426F756E64733E0A20202020202020203C2F62706D6E64693A42504D4E4C6162656C3E0A2020202020203C2F62706D6E64693A42504D4E456467653E0A2020202020203C62706D6E64693A42504D4E456467652062706D6E456C656D656E743D22666C6F773237222069643D2242504D4E456467655F666C6F773237223E0A20202020202020203C6F6D6764693A776179706F696E7420783D223831352E302220793D223137372E30223E3C2F6F6D6764693A776179706F696E743E0A20202020202020203C6F6D6764693A776179706F696E7420783D223839302E302220793D223137372E30223E3C2F6F6D6764693A776179706F696E743E0A20202020202020203C62706D6E64693A42504D4E4C6162656C3E0A202020202020202020203C6F6D6764633A426F756E6473206865696768743D2231342E30222077696474683D2234382E302220783D223833302E302220793D223136302E30223E3C2F6F6D6764633A426F756E64733E0A20202020202020203C2F62706D6E64693A42504D4E4C6162656C3E0A2020202020203C2F62706D6E64693A42504D4E456467653E0A2020202020203C62706D6E64693A42504D4E456467652062706D6E456C656D656E743D22666C6F773238222069643D2242504D4E456467655F666C6F773238223E0A20202020202020203C6F6D6764693A776179706F696E7420783D223931302E302220793D223135372E30223E3C2F6F6D6764693A776179706F696E743E0A20202020202020203C6F6D6764693A776179706F696E7420783D223931302E302220793D2233372E30223E3C2F6F6D6764693A776179706F696E743E0A20202020202020203C6F6D6764693A776179706F696E7420783D223939302E302220793D2233372E30223E3C2F6F6D6764693A776179706F696E743E0A20202020202020203C62706D6E64693A42504D4E4C6162656C3E0A202020202020202020203C6F6D6764633A426F756E6473206865696768743D2231342E30222077696474683D2234322E302220783D223931302E302220793D2238312E30223E3C2F6F6D6764633A426F756E64733E0A20202020202020203C2F62706D6E64693A42504D4E4C6162656C3E0A2020202020203C2F62706D6E64693A42504D4E456467653E0A2020202020203C62706D6E64693A42504D4E456467652062706D6E456C656D656E743D22666C6F773239222069643D2242504D4E456467655F666C6F773239223E0A20202020202020203C6F6D6764693A776179706F696E7420783D223931302E302220793D223139372E30223E3C2F6F6D6764693A776179706F696E743E0A20202020202020203C6F6D6764693A776179706F696E7420783D223931302E302220793D223330372E30223E3C2F6F6D6764693A776179706F696E743E0A20202020202020203C6F6D6764693A776179706F696E7420783D223939302E302220793D223330372E30223E3C2F6F6D6764693A776179706F696E743E0A20202020202020203C62706D6E64693A42504D4E4C6162656C3E0A202020202020202020203C6F6D6764633A426F756E6473206865696768743D2231342E30222077696474683D2234322E302220783D223931302E302220793D223235392E30223E3C2F6F6D6764633A426F756E64733E0A20202020202020203C2F62706D6E64693A42504D4E4C6162656C3E0A2020202020203C2F62706D6E64693A42504D4E456467653E0A2020202020203C62706D6E64693A42504D4E456467652062706D6E456C656D656E743D22666C6F773330222069643D2242504D4E456467655F666C6F773330223E0A20202020202020203C6F6D6764693A776179706F696E7420783D22313034322E302220793D223238302E30223E3C2F6F6D6764693A776179706F696E743E0A20202020202020203C6F6D6764693A776179706F696E7420783D22313230372E302220793D223139352E30223E3C2F6F6D6764693A776179706F696E743E0A2020202020203C2F62706D6E64693A42504D4E456467653E0A2020202020203C62706D6E64693A42504D4E456467652062706D6E456C656D656E743D22666C6F773331222069643D2242504D4E456467655F666C6F773331223E0A20202020202020203C6F6D6764693A776179706F696E7420783D22313034322E302220793D2236352E30223E3C2F6F6D6764693A776179706F696E743E0A20202020202020203C6F6D6764693A776179706F696E7420783D22313230372E302220793D223136302E30223E3C2F6F6D6764693A776179706F696E743E0A2020202020203C2F62706D6E64693A42504D4E456467653E0A202020203C2F62706D6E64693A42504D4E506C616E653E0A20203C2F62706D6E64693A42504D4E4469616772616D3E0A3C2F646566696E6974696F6E733E, '0');
INSERT INTO `act_ge_bytearray` VALUES ('40003', '1', 'diagrams/activitiEmployeeProcess.png', '40001', 0x89504E470D0A1A0A0000000D49484452000004D2000001850802000000B7DE496C000049F449444154789CEDDD7B8C1BD77DE871C6AFAEDB38DAE0FAA11481C3A07F781137115107101114356DA0160BF4D64463D86CFF50091876543875164591B20F678BC6EADEA249D7BDA9C134894BB4F0BDBC08E42E102766632B6513D9D9FA21ADADC8A66529A623CBA12DCBA66B3D46D2AE76EE5952A6A9797186F3386766BE1F1C081477383C9C737EE7777EBB4B6E460700000000203419D91D000000000024196527000000002044949D000000008010517602000000004244D9090000000008116527000000002044949D000000008010517602000000004244D90900000000081165270078A6695AA3D12897CB8542219BCD66D24ABC7671054AA552BD5EEFF57AB287050012888C3340C6893BCA4E00F0A6D96C8AE42776000F3EF8E0633B771E3878F0CCCA4A3A9B78EDE20AECD8B163EBD6ADE29A88AD80ECC101804421E390711283B21300DCEAF57A954A65CB962D875E3D7466E50C6DB41D79F388D80A888BD3ED76650F1400C41E19878C9330949D00E08AD801E472B96F3DF0CD332BA76976EDE1EF3EBC79F3E64EA7237BB80020C6C838649CE4A1EC0400572A954A7F07708AE6DC1EDBF9E8F5D7FF86ECE102801823E390719287B21300C66B369B5BB6DCB4B2AAD1DCB42FFEE99F6CDFFE65D9830600B144C621E324126527008CA1695A369B7DF5706765F524CD4D3B76FCED4D9B3ED56EB7650F1D00C40C19878C9354949D003046BD5EAF542A2BAB2786ED86E26FBBFCC0F7D147A5AA6DDFFED7D56A55F6D00140CC9071C8384945D9090063944AA51D0F3556568F0FDA0D376DF9B9AEBF72567F69457FFEB4FEEC69FDE963AB0B0FFDE0FB87DF79F28CFE5F9AFEA4A6EF3AA13F7A4AFF875D7BEFDCF6B9E10353D59ED9FDE35C2E277BE8002066C838649CA4A2EC048031666666F6EDDB334C6F994CE698AE1F5FD3DF59D5DF3AA39FD0F53FFEF32F652EF860FEA6D2E115FDD069FDD029BDA3E90756F56FFFF8D9FEB79FE5A7E4E8DBB1E347A7A6A6640F1D00C40C19878C9354949D0030C6F4F4F49B470FAFAC1E1B3491D74F9CD54F9F5DFFD2EADAFABFDFF9DEBFFFF2AFFCEA5FDCFB95555D7F77557F67457F6B45EFE9FAA34F3DD7DF041C4B6713AF5DEEC00140EC9071C83849C50801C018FD44FEEEB089FF1E5FD58F9ED4CF9C3D7740AFD7FBFBAF7DFDCB7FF7B543AFADFFDDEA9535FD4C7F73F0C433CF1A1E9BAAC6260000BC22E39071928A11028031FA89FCBF876D7D1370563F72427FFD98BEA2EB674E9F9EB9E69A4CE6C24C66EA96DFDB3AFAC0A777EF313C36558D4D00007845C621E3241523040063F413F93BC336F895A7A327F5D7DED5DF38A53FBDEFA7575D75D585175D72E986CBCBBF7FDE26E0A967761B1E9BAAC6260000BC22E39071928A11028031FA89BC376CE2BF27D7F4B7B4F5EF3D1F39A5EF7CAAFDC94DD75D7EC5951BA63FFCF57FF9F6295D3F765A3F717AFD81BB969E323C36558D4D00007845C621E32415230400638864B6BAFAF6B00D729BD807BCB3A2BF7D467FEDDD9527F67636FDDAA76FF8CDDF7AE3B4FEBAA6BFA1E9474FEB621BB0EBC9A70C8F4D55631300005E9171C83849C50801C018FD44FED6B0156EB8FEB9175E7A7A6F7B69B9FDF8EEF6E37BF63FF1DCC1FF78F2F91FEF7DF987BBF7FF68F78B8FEF7971E9D9FD7B5FFAD9FDFFF4C0ADB7DD3AFAD85435360100E01519878C93548C10008CD1DF041C1D6D77DDF5B98C0B9FBDE516C30353D5D804008057641C324E523142003086791340631300006120E39071928A11028031D6370167DFA4796D6C0200C02B320E1927A918210018A3BF093842F3DAD804008057641C324E5231420030467F13F006CD6B631300005E9171C83849C50801C018FD4DC0EB34AF8D4D00007845C621E32415230400EB1A8D46A7D3B1FC527F13D0A5796D6C0200C01219878C93428C1000E8FBF7EF1F7C00FD65975DB663C70EC357FB9B809FD3BC363601006046C621E3A413230400BAA669175C70C1601F70F1C5175F7BEDB5A3DF8716779E3DFBDA64CDF2AFAB793D43B0CF6577C2E1FDE61B13BF7679430A008A0A24E38C1E36C15AED9C2F9C4F3E36B30C6E8FCD35C1E620328EFA18210058B771E3C6D1EC7BE9A597DE7EFBED6273A09FDB041C76DF4652F87977DA1D6695FB2D1E6879CCE87F47EF1CBDE1F0448653D9DD98ACB10900004BFE33CEE86113E7173727F7FA5CB2721019477D8C100055888CDB6AB5E6E6E60AEFC966B363D3553426A8B81CFEEB9C50338E09DEE1E476379CFB3FF6E15E73FFE899C520463D547D62E60C67919851CD66B3D7EBC99EE00002A672D6F0C36B9671F910F3A3CC4F9A31D58D2E3BE9D01FE7EE6502CA4119CA4EE5314200E413FB8652A93435353528125AEFB1FBC485306CD8B061984D4B7DA233ED765B3FF7BDE7573DB5E1436CB2F579C7383CD67CA4F9516E9ECBF278C39DC3E39D3BE0E92244367C0662E60C67919851C562717A7A5A0CE8E2E2A2AC2E0108900A59C30F9F19C72111D8E502C3F26E77DB2E0B78CA3B527290C48C03971821003275BBDDC1B7A8E5D603BD5E6F90F0666666EEB8E30EF16FA3D1187EB59FF00E796AC387981F3BFA25FB3C7DDE0186C71ACE697E2ECB1BCECF6577B0E54B707F11248EA9D9609F9ACBE5067B3B0071A448D6F0C37FC67158ED5D3ED09C172CB38CDD69EDD29043E20B3B07A9967160C6080190A6D96C8A742B8A01D91DD15F79E595A9A9A962B198CD66ABD5AAE11732FB39EF679EDAF0216E6ED83DD6E1F8D13BDFCBCD6E9F6BEC6DC3C9BDBEF6D113CA1A5007CBCBCBA2F21CDDE401880B75B2861F3E338ECBF5DC54DD39E51DC349BCE629CB9E78CA3BFE73909A1907A3182100722C2E2E160A0575DE7127FA53AFD72D7F41AB9FF65EF1D4860F7173C3EEB1CE075B9ED06AAB61FBA5D10386C7B8E9A1FB8B10F930BAA2695AB95C16C32DBB23003C502D6BF83171C6B14C10635386FB7C61CE02CEB9C3CD49A2C941CA661C0C3142002410B93697CBC565F7B09EF9D63A9EDAF021CE376CD3B0E900F3F1E6E772798FE56DC3F3DA9DC7EB45903D74B644E529F6AF4B4B4BB23B02C09578650D3FDC2FBC0E471ABEE4322519FE9D2CEB599E24821CA472C6C100230440827C3E1FA31D7F3FF3BDECA9BD97415F1E3ED6E186F9B1CE67B6BBC7A682B5FDD2E8019E7AE8FE22C81E3A2762173B333333F88B05001417AFACE187CB85D772F5B6BBC77279B74C0786CCE5F219CD8F351F10760E523CE340A7EC0410BDC5C5C552A924BB171EF433DF4FDD37F3F1837B0CF7DB9DD67CD8E83D96271F7B66BB3358DE1EF6D6708FD7A6FE2660767676616141762F008C11BBACE1879BF5D679911F2EE0E7577716EBBCE50DCB74E07C8CDDD99C1F186C0E523FE380110210B562B1D86C3665F7C2837EC23B38711B7DB8E1B6FD777FDF3FC0E16C2E8F71F955F3F38EDE33D90B973D7463B4DBED999919D9BD003046ECB2861F63D7DBB1B9C3FD3A3FF6E1865C60BE73F8AFC39DD1E420F5330E18210091EA76BB1B376E94DD0B6F262E3B9D6BC2B1A977EC3EC3CD46C4D3F9CD07389C27199B80F4FCE61E105371CC1A7EF8C938CEC9C8B92E75A8FACC29C6E1A99D9F25BC1C148B8C93728C108048C5F177A5FA09EF00CD6B8BC52680DFB3051417C7ACE1071927C11927E5182100918AE32EBFBF097889E6B5C5621390B61D2D103B71CC1A7E9071129C71528E110210A942A110BBBFF42D92D9DADA7E9AD7168B4D006FEF041417C7ACE1071927C11927E5182100918AE35BE9FA9B8017695E5B2C36019D4E279BCDCAEE05005B71CC1A7E9071129C71528E11021029B1C5171B7DD9BDF0A6BF0968D3BCB6B86C02E2D24F209DE29835FC20E3243BE3A41923042052D3D3D3BD5E4F762FBCE96F025EA0796D71D904C4A59F403AC5316BF841C64976C64933460840A4E29818FA9B80E7695E5B5CC63A2EFD04D2296D114AC64976C64933460840A4E29818A6A6A64E9EDCBDB6B68FE6A9C565ACE3D24F209DD216A1649C64679C34638400442A8E89219BCDBEFCF2F7A5E7D4D8B5B88C755CFA09A453DA22948C93EC8C93668C108048C53131148BC5479AB535FD2734F7ED85F677E2F28749E2382781F4485B849271929D71D22C5D910C40BA386E20E6E7E7ABD5DBD7F4BD34F7ED9FEB5FAE542AB287CE9538CE49203DD216A1649C64679C344B572403902E8E1B884EA73333F3F193DA536BFA733497AD54BA71717151F6D0B912C73909A447DA22948C93EC8C9366E98A6400D2C5740331B76E9BAE3F4B73D31A8DFF552E17650F9A5B319D93404AA43042C93809CE386996BA480620574C37109AA6150A9F5E5AFA575D5FA639B76E77E7CC4CB6D7FB91EC41732BA6731248891446281927C11927CD5217C900E48AEF06A2DD6EE772D7B4DBFFA6EB7B6876ADDB7D4CEC965AAD6FC81E2E0FE23B2781344867849271929A71D22C8D910C40A2586F20969696C43E607EFE8F747D37CDDC1617BF3A33938DDD0E20D6731248BCD446281927911927CD521AC9006489FB0642D3B46AB552285C57AFCF75BBDFD7F56768BD5EABD1F89B72F9A652A9206ECB1E22CFE23E2781644B73849271929771D22CBD910C408A646C205AAD56A552D9B871630699CCF4F474B95C6E341AB28765429944CC4920A9885032CEA8B8679C344B7B2403885826F51B08A8863909A88C084D956DDBB6B5DB6DD9BD402888640091620301D53027019511A1A9226ACE7C3EDF6AB5647704C1239201448A0D0454C39C04544684A64DAFD72B168BF57A5D76471030221940A4D8404035CC49406544680A699A56A954AAD5AAEC8E204844328048B181806A989380CA88D0D49A9F9F2F97CBA20495DD110483480610293610500D73125019119A668D46239FCF77BB5DD91D410088640091620301D53027019511A129B7BCBC2C2A4FF1AFEC8EC02F221940A4D8404035CC49406544283A9D4EA15068369BB23B025F88640091620301D53027019511A1D0DFFB78DB5AAD26BB23981C910C20526C20A01AE624A032221443DBFA64F70213229201448A0D0454C39C045446846254AD562B168BBD5E4F7647E019910C20526C20A01AE624A032221406CD66B35028743A1DD91D813744328048B181806A989380CA885098F1F1B67144240388141B08A8863909A88C0885A56EB72B2ACF46A321BB23708B480610293610500D73125019110A3B9AA695CBE5F9F979D91D812B44328048B181806A989380CA885038AB56AB954A4594A0B23B823188640091620301D5302701951922D42E6033F622E92664AAD7EB7CBCADFA08450091620700D530270195B92C3BBD1E333C926235195AAD563E9F6FB7DBB23B025B0415804891CBA11AE624A0B2A0CACE03F77D66B4AAFCCC7D07DC3C0A31226A4E51798AFA537647608D00031029F23A54C39C045416FC4F3BD70BD03B1FF1FA28C441AFD72B168BF57A5D7647608100031029F23A54C39C04543688D0619C9A6FD83DC4CE23775A159D2C0549A1695AA552A956ABB23B0223020C40A4C8EB500D731250995DD969B8D3D9FBA73B70DF67DEFBFD5A0F8F42DCCCCFCF97CB653EDE56294414804891C8A11AE624A03243056877DBF010BBB33D72A7C5BB3AC73E0A71D46834F2F97CB7DB95DD119C4380018814791DAA614E022A73283BCDFF75B8B3CFEE176C8D3F5345322C2F2F8BCA53FC2BBB23584774018814491DAA614E022A73AE33BD959D23BF616BF9105683E4E9743A8542A1D96CCAEE08283B01448BA40ED53027019505F949B6363FEC74F38BBB88AFC1C7DBD66A35D91D493B420B40A4C8E8500D73125059F07F4065DCC1AC0989B4AD4F762F528DB8021029D23954C39C045466FEB85AE783DD7F08ADC3917C926D22D56AB562B1D8EBF5647724A58828009122914335CC494065442802D46C360B8542A7D391DD9134229201448A0D0454C39C0454468422587CBCAD2C44328048B181806A989380CA885004AEDBED8ACAB3D168C8EE48BA10C90022C50602AA614E022A234211064DD3CAE5F2FCFCBCEC8EA408910C20526C20A01AE624A0322214E1A956AB954A4594A0B23B920A44328048B181806A989380CA885084AA5EAFF3F1B6D1209201448A0D0454C39C04544684226CAD562B9FCFB7DB6DD91D4938221940A4D8404035CC494065442822206A4E51798AFA537647928C480610293610500D73125019118A68F47ABD62B158AFD7657724B188640091620301D53027019511A1888CA669954AA55AADCAEE483211C90022C50602AA614E022A234211B1F9F9F972B9CCC7DB068E480610293610500D73125019118AE8351A8D7C3EDFED766577245188640091620301D53027019511A19062797959549EE25FD91D490E221940A4D8404035CC494065442864E9743A8542A1D96CCAEE484210C90022C50602AA614E022A234221D1E0E36D6BB59AEC8E2401910C20526C20A01AE624A0322214D26DEB93DD8BD8239201448A0D0454C39C045446844205B55AAD582CF67A3DD91D8931221940A4D8404035CC494065442814D16C360B8542A7D391DD91B8229201448A0D0454C39C04544684421D7CBCAD1F44328048B181806A989380CA885028A5DBED8ACAB3D168C8EE48FC10C90022C50602AA614E022A2342A11A4DD3CAE5F2FCFCBCEC8EC40C910C20526C20A01AE624A03222146AAA56AB954A4594A0B23B121B44328048B181806A989380CA885028AB5EAFF3F1B6EE11C90022C50602AA614E022A2342A1B256AB95CFE7DBEDB6EC8EC400910C20526C20A01AE624A03222148A1335A7A83C45FD29BB23AA239201448A0D0454C39C04544684427DBD5EAF582CD6EB75D91D511A910C20526C20A01AE624A0322214B1A0695AA552A956ABB23BA22E221940A4D8404035CC494065442862647E7EBE5C2EF3F1B69688640091620301D53027019511A1889746A391CFE7BBDDAEEC8E2887480610293610500D73125019118AD8595E5E1695A7F8577647D442240388141B08A8863909A88C08451C753A9D42A1D06C366577442144328048B181806A989380CA8850C4D4E0E36D6BB59AEC8EA882480610293610500D73125019118A58DBD627BB174A209201448A0D0454C39C0454468422EE6AB55AB158ECF57AB23B2219910C20526C20A01AE624A032221409D06C360B8542A7D391DD119988640091620301D53027019511A148063EDE96480610293610500D73125019118AC4E876BBA2F26C341AB23B2207910C20526C20A01AE624A032221449A2695AB95C9E9F9F97DD110988640091620301D53027019511A1489E6AB55AA95444092ABB2391229201448A0D0454C39C045446842291EAF57ADA3EDE96480610293610500D73125019118AA46AB55AF97CBEDD6ECBEE484488640091620301D53027019511A1483051738ACA53D49FB23B1205221940A4D8404035CC494065442892ADD7EB158BC57ABD2EBB23A1239201448A0D0454C39C0454468422F1344DAB542AD56A557647C245240388141B08A8863909A88C08454ACCCFCF97CBE5047FBC2D910C20526C20A01AE624A0322214E9D16834F2F97CB7DB95DD915010C90022C50602AA614E022A2342912ACBCBCBA2F214FFCAEE48F088640091620301D53027019511A1489B4EA75328149ACDA6EC8E048C480610293610500D73125019118A141A7CBC6DAD5693DD912011C90022C50602AA614E022A2342915ADBFA64F7223044328048B181806A989380CA8850A459AD562B168BBD5E4F76470240240388141B08A8863909A88C0845CA359BCD42A1D0E9746477C42F221940A4D8404035CC4940654428908C8FB7259201448A0D0454C39C045446840242B7DB159567A3D190DD91C911C90022C50602AA614E022A234281014DD3CAE5F2FCFCBCEC8E4C88480610293610500D73125019110A8CAA56AB954A4594A0B23BE219910C20526C20A08246A321A6E2D4D4542E971337366EDC28FEFDC55FFCC576BB2DBB6B00CE43D6000CEAF57A1C3FDE361591AC699AD86194CBE542A190CD663369255EBBB802A552494CD6E8672AA330207714549061030105FCDBBFFD9B393C6FB8E186C5C545D95D4B1456FE01567E3F32640DC0A4D56AE5F3F9787DAB34F991DC6C36C5722F72DE830F3EF8D8CE9D070E1E3CB3B292CE265EBBB8023B76ECD8BA75ABB82622F9310AA91A0545B081800A4439F40BBFF00BA385C1A73EF5A98D1B3752120488959F953F10640DC092A83945E529EA4FD91D712BC9912C760F954A65CB962D875E3D7466E50C6DB41D79F388487EE2E274BB5D4621F1A3A014361050C49FFDD99F5D74D145C3B2F30FFFF00FABD5AAEC4E25042B3F2B7F80C81A801DB1D8168BC5B87C272BB1912C862197CB7DEB816F9E59394DB36B0F7FF7E1CD9B3787F7F7671905154641356C20A08EABAEBA6A5073DE76DB6DD96C368E9FD0A020567E56FE60913500072273552A95587CDB34B1912C06A09FF34ED19CDB633B1FBDFEFADF6014123C0AAA61030175FCF0873FBCF8E28BC59C2C168BBCAB3328ACFCACFCC1226B0063CDCFCF97CB65C5BF799ACC486E369B5BB6DCB4B2AAD1DCB42FFEE99F6CDFFE65462191A3A020361050CA8D37DE38283B6577242158F959F90347D600DC68341AF97C5EE5DFDE4F60248B423F9BCDBE7AB8B3B27A92E6A61D3BFEF6A64D9F0AF6B3B018051546414D6C20A01491A1C59C4C43E84580959F953F0C640DC0A5E5E56551798A7F6577C45A0223B95EAF572A9595D513C37643F1B75D7EC4F9E8A352D5B66FFFEB607F299C51506114D4C40602AA614E0685959F953F0C4428E05EA7D329140ACD665376472C2430924BA5D28E87FEDFFB39EFA62D3FD7F557CEEA2FADE8CF9FD69F3DAD3F7D6C75E1A11F7CFFF03B4F9ED1FF4BD39FD4F45D27F4474FE9FFB06BEF9DDB3E273D034969CFEC5ECAE5728C42C246414183CFB7E46F54401DCCC900B1F2B3F2078E0805BC1A7CBC6DAD561BDEF3977FF9972A045102CBCE9999997DFBF6ACAC1E1FB44C26734CD78FAFE9EFACEA6F9DD14FE8FA1FFFF99732177C307F53E9F08A7EE8B47EE894DED1F403ABFAB77FFC6CFF1BAEC753D88E1D3F3A3535C528246C14542396BCEBAFBFFE5B0F3C5028145458FE00E664B058F959F98345840213DBD6A7F7DF4B72E1851796CB65D93D725D766A9AB6B8B8383737572A950AEF1195B4B8A7D16828B5164C4F4FBF79F4F0CAEAB1411399ECC459FDF4D9F52FADAEADFFFB9DEFFDFB2FFFCAAFFEC5BD5F59D5F57757F57756F4B75674F1021E7DEAB97EDA3B96CE16EC2FB1300A2A8C825206BB87A79FD97D666555FCCB1E02D2312703C7CACFCA1F202214F0A956AB8962ED777FF777C522F3E10F7F786C0439947BF57ADDFF87158D5FE9C4D38BE79B9A9A123D10CFBA63C7438FEDFCC1A03DFCDDEFDD73CF9744F52C324D3E9F57E46F95F653D7BBC326FE7B7C553F7A523F73F6DC01E2A2FFFDD7BEFEE5BFFBDAA1D7D62FDFCA9A7EA69F0E9F78E659C36353D5824D7B8C42D8A3303CD2FC1629CBC3EC1E1E8DD1DDC3A0B187805CF19A936EE2DA65ECEB568B46500B022B7FD82BBFF9823BFCD7F0258741777F9EB15F0D4ABC22145053A7D3B9F6DA6B07F17EE595577EFEF39FB73B52947BA2D01BF316FC4C2697CB895276E23FD3E2B4762C2F2F8B08179D10E5E530ECEDDAAEC79FD8BAF50F446F5AADD6645D094A3F75FDF7B0ADA7BDB3FA9113FAEBC7F4155D3F73FAF4CC35D7643217663253B7FCDED6D1073EBD7B8FE1B1A96A21949D8C42B8A360B969309FC1CD0E3554E6DD037B08C8A5CE9C74C8EE86C31CFEEBE698D1D39A978B40CB4E56FE70577EC30577FEAFCB4177791E37733510EA4428105F77DD75D785175E381AAA1FF9C847CC1F722B0AB77C3E3F36CC4765B3D9C9FED2B5ED62313F3F2F6AC8C776FE606CC1695811C44AB16DDB36897FAEB49FBADE19B64CFF977C8E9ED45F7B577FE394FEF4BE9F5E75D555175E74C9A51B2E2FFFFE7969EFA967761B1E9BAA166CE66014A21F054FE93F8C8D8225BBDD037B08C8A2E09C7428005C1EA09F5F1B581EE6507804B520B0F247BCF20732E8A337DC949461A70F05231488235161168BC52BAFBCF2139FF8C42FFDD22F89C8BDE8A28BAEBBEEBAE101A258AB542A869017D5DF17BFF8A7A3BFDC2ADA3DF77C69CB962D86234BA592D748B4583B4427CAE572B55AF554708EB67FBCFF7EB128C8FA73A5FDD4D51B36F1DF936BFA5BDAFA775B8F9CD2773ED5FEE4A6EB2EBFE2CA0DD31FFEFABF7CFB94AE1F3BAD9F38BDFEC05D4B4F191E9BAA1642D9C92844310AEE370A6E0E0B96F3EE813D04A2A7E69CCC38FEDCC9AEAE301F397AC31CE35EAB8BC95E082B7F342BBF794CF589063D63F5AD07737F2C1F1E461E51334281F8EA743A0B0B0BA298BCE28A2B3EF4A10F89FA73F0A64851A6197EC879F7DD5F3870F0A043E81D79F3A828F1366EDC387C48369BF5F437428DEB85A83945271A8DC6C435E7F0776EC579C44B0DEEBAB97E4999CCEAEADBC336581345E67B67457FFB8CFEDABB2B4FECED6CFAB54FDFF09BBFF5C669FD754D7F43D38F9ED645E2DBF5E45386C7A6AA059B3C1885B047C161D360DE67583EDCE7108FE566F7C01E025152764E8EDDF1EBE7D715E64DBFF90C86F5411FB75604F54258F9435DF90D57DB707B8241B74C137693D0F9B67FCA4628900083FAF3AAABAEDAB061C38B2FBE282AC661F8178B45E782D3507CDE73CF97868F9D9A9A5A5A5A72D907E37A512E97FDD79CC34541549ED1FFB6AD2175156EB8FEB9175E7A7A6F7B69B9FDF8EEF6E37BF63FF1DCC1FF78F2F91FEF7DF987BBF7FF68F78B8FEF7971E9D9FD7B5FFAD9FDFFF4C0ADB7DD2A3DFDC42BED310A1247C16E1B6AB781086FAF6066B97B10EBD4B0B18740C4549E93EECB4EBB07DA5520BA55751159D9C9CA1FC6CA3F7AB50DB7271EF4D13B2D53490465A7FB9A93AC01F8F18D6F7C637A7A7A18E6F76EDF3E4195F7E083FF47149C8333880AD6E5AFB89EB75ECCCFCFFBF9DD5A73DBB1E3A152A914CE45B37F49EB69EFADD176D75D9FB3DC9A1B7CF6965B0C0F4C550BA1EC6414C21D05973B48BBBD859FF17566B77B181D68F61088929A7372EC7A383C4C3715120E078CDE6977C3EEB9FCBF2256FEB057FED1D10C64D0DD3CFBD859EA93D79A93AC014CAC5C2E0FE357546A135779220087E5AB8844374FFDFE7AB1BCBC9CCBE502AC3907EDCE3B3F57ABD542BB74562F693DED1DA5796D41250F4621B251C8586D43CDFB804CB465A7C3EE61B487EC211019F5E7A465901AFE6B2830EC8E74887137F7F8C4CA1FC1CA6F1E413F836E481C634BCA60ABCD81C96A4EB2063081C5C5C561144FF673CED1F6F077BF373CDBC2C2C2D8677F7FE11035E76431EFDC0EBD7AF8631FCB46F9ABB6EB69EFEC9B34AF2DF8B253F62B8A639BACEC1CFDAF6EBF6D1D7BA77FCEBB87B15B7CF610085C2CE6A44331A99F1FE96E8E1CFBD58C15BFAFE1BD334B5F45E3D8FC5CFF60077DB2A9E8873942C546F69A6B66ECDE6976E4CDA39B366DFAD6030F9035800988726F10FEC5623190426FF83ECF8D1B378E2DF7CEAD1A833F121A78CD396877DFFD0537157050FA69EF08CD6B0BA1EC94FFA262D7FC979DE6CD84F9BF817FAF7A60EC77ACDD6CF1D9432040B198939EBE4FE45015582E088603DC3C971FACFC11ACFCE611F43FE8C3C3C64E30E7A7F3CAB2E61CBC61EC631FCB9A2BCF41CD39E82D9527E055A3D118848F88B243AF1E0EA4CA7BF7D8F1E167DBCECECE3A77E0DC9221C2D5EB9FE874DFC40B131D0AFF62BEF792D6D3DE1B34AF2D84B253FE8B8A5D9BA0EC74734C1845A6819BDF9272B9C5670F8140C4654E8EAD0A0C3F621A65F928E7BAC2F9B97C62E58F60E5B71CBE8907DD3C91CC13CC79B24D3C8B1C6ACE0143E5395A7352790213103132889DBBEFFE4280859E88C4C169A7A7A79D3BB0BE58882815C78554730EDAE6CD9BDD7FBAAE4FFDB4F73ACD6B0BA1EC94FFA262D7DC8F82E51ED4B05D70D84CF8D92B98B97C67CEE8538F5D34D843C08FB8CC493755C1E80DCBDDBFE549EC22DD61C5F08F953FEC957FF4529BEFF13FE896136CEC534FC01CA1A33F33191A569EE69A3363FA890D590370204263183B41FDA873D844A80ECEDC6AB51CFAB0BE76D4EBF54AA5126AD979EFF6EDD56A35C06BD76834ECFE28683FED75695EDB0489845150611442E530C443EE3F0D6274BBE066DD600F81C9302743C5CA9FF895DF0F3F5963F48331472BCFDD7BF658D69C0F7FF77B4428E09228F706B1236224F042EFCE3BCF7D68B973B9B7BED26DDBB6AD56AB855A763EB6F3072E3F5AD78DFDFBF70F5EDB65975DB663C70EE34B22ED4592F6180515462154CE433CE0E91308BD6EF1D9436002CCC950B1F2277EE5F7C37FD6B0AC3C2FB9E412373527110A3810E5DE207CFC7F80AD65A13738793E9F77E8C3FA4A572C16EDA237A876E0E0C18F7D2C1BD485D334ED820B2E18BCBC8B2FBEF8DA6BAF1DFDD65A3FEDFD7CB465AC188E71DF868FB53B89C3C92DFBE6F5242E0F76FF5CC3AF863A0A9E5E8ECFF17279BCFBD38E1DA6B1B3C2FD1305142501701E62DDFBA7DE4FB0C5670F014F9893610B70E57773F0D8B4E5E9E1CED9D94DDE09291728B5F2FB1148D6B0AC3C4739D49C44286047947B83080AA3E81385DEE0E4D9AC53B9B7BED285F4A75346DBBBC78E8B6522C06B677803C0A5975E7AFBEDB70F3EB757FCF7ECD9D746DBD87B1C5637F3F176B7CD779ACF33FCAAF3D3991F6B798C7337DC3FD7F0E05047C1B959F6CAB2936E5E8EE510589ECD7CF2B14F6438CCEEC6646D82510895C310DBED1E861FA53D317106F610980073321A41ADFC96078F1D0BBBB5DD7C8CE5226F977732368BB9FBFEF8C90519C5567E3F26C81A9E2ACFB13527110A581AFEE994908ABE61903AF461FD6B628D08FCADA596BD197E8052D8CE9E3D3CDADC1C337AB0F39DCE8FB53CFF644F37FAAFF978F72FDF4D37065F0D76801C9ECB4DF7C60E849B01721E38C3C5F474ADDCDFF07A11220B139FC4EEC1F2E3AFC3D8E29F09FA17F5914852E6645C02363213AFF92ED758F70F396B4ACAE693383C91DD43C2C80599F8ACFC7ED845A865FB8FD67F5E78E18586337CE0031F78E0817F767906B206306AF82D21BB3F8AEBB30DCFEFD087F5AFCDCCCCFC64DFBE08CACE00AFDD860D1B86CB50A94F2C2EED765B3FF7DDD657276E960F1FBB983A9FC1E5390DC78FFE6B3E95F9F8C99E6BF418B9A330FAD2EC3A6C775AF301E6AB67392E7657C3D3083A7460828B106098F8E730C4CBCBCB620F71E4CDA3116CF1C5B388E715CF28FB7A4069CCC96804B5F23B1C6C390A768FCDD82CC29619C1EE3C639F31D45C90516CE5F76382AC616E969F5B3B60F9F73C2DCF90DA08052C89726F104421157DC3BF7EE4D087F5AF85FA473B072DD8F7760E3F02585CC13BEEB843FCDB6834DE7F49EB4BFCA161B35CB6DECB1087CCCDEE7E375F351C637E2EF3F39A4F383C66F4B196A7B23C89A7E7327C35BC5170D32C5F9AC325B51C4DBBFF5A8EF8D80B3276E6D88DF5042F7FB2510895F310EB367B88C0B7F8EC1EE01E73326C01AEFC6E0E76382673FE629B31ADBDE6DB0EC738DFB013542EC8A8B4F2FB3159D6705F730E8CAD3CD31CA1809DE1AF548451F489A01B9CDCF94F77AEAF74954A65F44FEE86D1763DFEC4E6CD9B83BA70AFBCF28A28A98BC562369BAD56AB86DFDDEFAFF23F1B36C37F27BE7FEC574DD9C8FAE0E1976C72D879C738F7C4F9242E9F6BF4E0F046C14D33BC7CE71BCEE36279FCE89DCE1C1EEB70CED1937B7DED138F42A89C8778C0FD77AFCF4CF4F12DEC1EE01573325441ADFC0E69CECDE26CF755E7B53A634AB2E6073ADC082F1728B5F2FBE13F6B58D69C1FF8C0070CF738549E298F50C08E28F706E1F38FF7DF1F78A1F7937DFB0627CFE5720E7D585FE9161616EEBEFB0BA1969DA2ACDDBAF50F02BC768B8B8BF57ADDF26F43656C2A1087DB0E05CCD874E870064F5FB54C90A319D19C77274884CE1D0B6F145CE65DF7371C46CDFD888F1D293B8663DCF4D0FD45F01E0D217218E221F7BBFCD16BC8FE1EE1614E862A9095DFB0728ECD0B630F362CC2E67FC7DEB05BEA23C805AAADFC7EF8C91A9635A7A863FFE17F7FCDF2EF799A2B4F2214B0333F3F3F881D5191055EE8DDBB7DFBE0E4E572D9A10FEB2B9D581DB2D96CA865E7962D5B9ACD663497B5BFD6BF326CA3FFB5BB6D77BCE5971C4E6238C0F2C8D11BA60436FE899C4FEEF028BBE71A3D38BC5170D31C5EA3C30B31BC22C33DCEAFDAF2627ABDAA6E4EE5E92204380A9171B9CB1F1D0BF6F7081573520A970BA0DDEAEABCC8DB2DF599F333A6F9E40EEBB3D77B42CA05315DF9FD3047A85DCD39F8DC5ACBCFB635549E4428E0A0DD6E0F024784D2BBC78E075BE889701E9CBC5EAF3BF4E1DC4A17EAA70A89D7265EE1E0E3B323B0BED6AF75866DF4BF76B7ED8EB7FBD2E086F9C8E1FDE6030C8F353FDC7CF0FB09D5E6E1761C9ED4E135069BF61C2EA3C3E57578B1938D9AF3888FFDEA04577882171EDE2844C9CD2E7FF41AB2BF47D89893D173B900BAC9C5CE475A66CCB1F9CE210B382CF511E482F8AEFC7E982374EBD63F18BDBC86BF9562AE3CB76CD932DC3D13A1C058D96C76103B3B763C1460A137FCA39D82F35F2D3AB7D285FA7BB65FF9EA57C5C923B99EFD97B4BED6BF6C6E83FBDF4B1516078C1E36F67ECBC3864F317ACF487E3AEF815609CCF63CE69E7BBAEDF05CA30747300AEE2FBBDD4570393A9663E1FC140ECFE5E60A1BC6C8EB15086314223676973F3A03D9DF2302CCC988B959F7EC9662C3026EC9611DB6CC6ECE8BBC61D176D3BD907241AC577E3F1C2A4FCBBFCF395A795273025E55ABD541F86CDAB429C01F78FECECD370F4E5B2A959C3B706EA5D3344D54C061FCF54EF1AA3EF6B16CB7DB0DFF62BEF792D697F89F8EB6F71280D33DA35F72BE73F858BBD3DA9DD9FC7087A7187BCFD83EBB7CAED13B431D054FCDFCDA0D57D86A3B6231B276B7BD4E8CB157DE7CA927BB0271DF7C38EFF247C78BFD3DA2C19C8CD2D8756F822CE690DD46D77FCB157E6CD6737E5464B920EE2BBF1F9695A765CD395A7952730213E8F57AC3BFAE79EFF6ED81147ABB1E7F62B8148F0DC3F757BA46A371EB6DB7055E7646FCA34EFD5CDA3B3868EF258083966DF025874AC6F070CBB30DEF1C7EC9F93CE61BE6339B4F68F892E50B71B8DFCD350936ED395C76E76677915DBE52F3A9EC46D3E16C9ECE6F778527BB02C18E82140EBBFCD181607F8FC8302723E3BCEE79FDAAC342EA90319DCF66970BC6E68B50734102567E3FCC112A6A4B878DE54FF6EDA3E60426B3B0B0305897A6A6A6FCFF259503070F0EEBD86DDBB68D7DF6F356BADFB9F9E6607FD9572C0D831FE38676F5AC5ED2FA127F80E6B5059BF6180515464116BB5DBEF3169FDD03C2C39C8C062B7F9A577E3F3CFDDD232214F0239FCF0FB29EA8189DFF04AE7313F5DDF063C0C4A9DCFC66EB792B5DAFD7DBBC7973509F2D34F85032F17A42BB6E362F693DEDBD44F3DA42283BE5BFA8D8B5C46C3E2CF710F7DCF3A56163F78088312723C0CA9FF295DF0FAF9527110A4C66D7AE5DC3F7488B72D1F9970BECDAA1570F0F6BCEA9A9A956ABE5E6A98D2B5DBBDD1695A79FDA77B81CFCCECD373FFCDDEF057FB5C6BE24D29E02698F51506114E472BF8760F780683027C3C6CACFCAEF07110A04AED3E92C2C2CDC7CF3CDB95CEEA31FFDE88D37DE286E882A71F89B3EA268FCC7FBEFF754E5ED7AFC89E1EFD60AE2FC2E3B63B1D2893016F5AB38E3C435E74FF6ED13B5AB949A53EFA7BDB5B5FD34AF2DF0B253FA2B8A634BD8E6C3CD1E82DD03A2C49C0C152B3F2BBF4F442810886EB7FBEBBFFEEB86F7AB5F73CD35575F7DF5E06F9C2C2E2E8EFE452251FAD97D8E97E1879CB7DE76DBE839DDD79CBA65D9A9F77FDB5684FD3DF77CC9EBEFD9BF7BECF857BEFAD5C16FEA0673D9BCEBA7BD17695E5B0865A7FC1715BB96BCCD87F31E82DD03A2C79C0C0F2B3F2BBF7F4428E09FA8062FBAE8A2D1FA50149C1FFAD087344D1B1ED36EB7676666468F11C5A7A8FECC6FB714D5E63FDE7FFF962D5B460F1655ABCBDFAD1DB25DE944B7C4135F73CD8C28235DFE69976F3DF08038FEEEBBBF201685892F937FFDB4D7A6796D21949DF25F54EC5A22371F767B08760F9085391912567E56FE4010A1804FA28EAB542A975F7EF9A0441425A828291717170D87F57ABDB9B9B9A9A9A98C95CD9B37DB7DA95C2E4FF0D731C7AC74E28CB3B3B3A29CFD9D9B6F1655A5F95DA7E29E071FFC3FB7DE769B3866EBD63FE8743A5E7B10B87EDA7B81E6B5855076CA7F51B16B49DD7C98F710EC1E201773320CACFCACFC41214201FFDAEDF615575C215698CF7EF6B3C562D1EE3051EE891AD5B2BC341361B8B4B434597F5CAD74A26216F5B1E8D0F0338B467F1A2B6ACE46A331F845611588BAFCE4C93D6B6BCFD33CB560D31EA3A0C2282865740FC1EE012A604E068E959F953F404428E0D3DCDC9CA8D42EB9E49299991951823A1F2CCA3D51D089722F97CB19CABD6C365B2A956AB5DA043FE11C95C0954E5C9A975FFEFEDADA3E9AA7166CDA6314541805D50CF610070E1E64F70045302783C5CACFCA1F2C2214984CAFD71385A2283B453179F1C5178B089AE024A2040DB657095CE98AC5E223CDDA9AFE139AFBF642FB3B3333338C42C246414162DF2036A6EC1EA00EE6648058F959F9034784025EB5DBED7C3E3F7C27E7B66DDB2688A0279F7C3293C904FBDBAC092C3BE7E7E7ABD5DBA5279278B57FAEDF1BECB73418051546414D69788D8817E6645058F959F9C3C0F501DC13D5A6A839C7FE4AED58575F7DB5283B3FFFF9CF07D2AB8104969D9D4E6766E6E327B5A7D7F4BD3497AD54BAD1FCF1568C42DC47414DFC3A199412C63774538B959F953F0C640DC0A5B9B9B952A9E43FA3DD77DF7D8377757EE4231F09F0770D9219C973EBB6ADE9CFD1DCB4FFDBF8DB72D9F6E3AD1885588F8282D8404029617C4337CD58F959F90347D600C612A566B15814EB6F20A71AFEDD944B2EB9E4BAEBAEF37FCE816446B2A66985C2A79796FE55D79FA539B76E77E7CCCCC77BBD5D8C42224741416C20A08E90BEA19B66ACFCACFC81236B00CE44FECAE572CD663390B3954AA5D18FB1BDFAEAABEBF57A20674E6C24B7DBED5CEE9A767B518C05CDAE899C27F607ADD6371985048F826AD8404011E17D4337E558F959F98345D6001C341A8D7C3EDFE97402399BC88CE6BFD5F9D18F7E54D334FF274F72242F2D2D89CC373FFF47BABE87666E8B8B5F9D99C9B65ADF6014123F0A4A6103014584F70D5DB0F2B3F20788AC01D8999D9D2D97CB81D48403DFFCE6370739F1939FFCE4303F7EE2139F68B55AFE4F9EF04816C350AD560A85EBEAF5BFEA761FD5F5DDB45EEF3F1B8DBF2997B7944A05719B5148C928A8830D045410EA3774A1B3F2B3F20787AC0198892C562814161616823DED8F7EF4A30F7EF083D96C767A7A5A84DEC6BE2BAFBC92B2D32D71A52A95FFB971E3FF306F3252687AFAB272F92691F9180589648D820A326C20A08050BFA18B2156FE51695EF9FDC8903580F30DDECC1952C212271FFCCAEE20F4C4EDA03EFB804846EAF017C0E46203011584FA0D5D0001226B00A36AB55A806FE6741078E811C9481D12985C5C7F2822BC6FE8020810590318D0346D5B5F34EF07A1EC04FC2281C9C5F5876A989380CA885040E876BB8542A156AB45F68C949D805F2430B9B8FE500D73125019110AF43F1E3C27FE8DF249293B01BF48607271FDA11AE624A03222142957ABD50A8542B7DB8DF879293B01BF48607271FDA11AE624A0322214A915F19B390D283B01BF48607271FDA11AE624A0322214E9D4E974F2F97C946FE634A0EC04FC2281C9C5F5876A989380CA8850A450ABD5CAE572723F5F9DB213F08B042617D71FAA614E022A234291360B0B0B8542A1D7EBC9ED066527E017094C2EAE3F54C39C04544684223D344D2B97CBB3B3B3B23BB28EB213F08B042617D71FAA614E022A23429112833773361A0DD91D3987B213F08B042617D71FAA614E022A23429106CD6653FA9B390D283B01BF48607271FDA11AE624A032221489373737572C16A5BF99D380B213F08B042617D71FAA614E022A23429160A2D42C954AA2EC94DD110B949D805F2430B9B8FE500D73125019118AA46AB7DBF97C7E7171517647AC5176027E91C0E4E2FA4335CC49406544281249549BA2E61495A7EC8ED8A2EC04FC2281C9C5F5876A989380CA885024CFDCDC5CA95452EDCD9C06949D805F2430B9B8FE500D73125019118A2411A566B15854F3CD9C06949D805F2430B9B8FE500D73125019118AC4585E5ECEE572CD665376475CA1EC04FC2281C9C5F5876A989380CA88502443A3D1C8E7F39D4E477647DCA2EC04FC2281C9C5F5876A989380CA885024C0ECEC6CB95CD6344D76473CA0EC04FC2281C9C5F5876A989380CA8850C45AAFD72B140A0B0B0BB23BE2196527E017094C2EAE3F54C39C0454468422BE066FE66CB55AB23B3209CA4EC02F12985C5C7FA8863909A88C08454CD56AB578BD99D380B213F08B042617D71FAA614E022A2342113B9AA66DEB8BD79B390D283B01BF48607271FDA11AE624A0322214F1D2ED760B8542AD5693DD11BF283B01BF48607271FDA11AE624A032221431B2B4B494CBE5C4BFB23B1200CA4EC02F12985C5C7FA8863909A88C08455CD46AB542A1D0ED7665772418949D805F2430B9B8FE500D73125019110AF525E3CD9C06949D805F2430B9B8FE500D73125019110AC5753A9D7C3E9F8037731A5076027E91C0E4E2FA4335CC494065442854D66AB572B9DCF2F2B2EC8E048FB213F08B042617D71FAA614E022A2342A1AC85858542A1D0EBF564772414949D805F2430B9B8FE500D73125019110A05699A562E9767676765772444949D805F2430B9B8FE500D73125019110AD50CDECCD968346477245C949D805F2430B9B8FE500D73125019110AA5349BCDA4BE99D380B213F08B042617D71FAA614E022A2342A18EB9B9B962B198D437731A5076027E91C0E4E2FA4335CC494065442854204ACD52A924CA4ED91D890E6527E017094C2EAE3F54C39C0454468442BA76BB9DCFE717171765772452949D805F2430B9B8FE500D73125019110AB944B5296A4E5179CAEE48D4283B01BF48607271FDA11AE624A032221412CDCDCD954AA594BC99D380B213F08B042617D71FAA614E022A2342218528358BC562AADECC6940D909F84502938BEB0FD53027019511A188DEF2F2722E976B369BB23B22136527E017094C2EAE3F54C39C0454468422628D46239FCF773A1DD91D918CB213F08B042617D71FAA614E022A234211A5D9D9D972B9AC699AEC8EC847D909F84502938BEB0FD53027019511A18846AFD72B140A0B0B0BB23BA20ACA4EC02F12985C5C7FA8863909A88C084504066FE66CB55AB23BA210CA4EC02F12985C5C7FA8863909A88C0845D86AB51A6FE634A3EC04FC2281C9C5F5876A989380CA88508447D3B46D7DBC99D38CB213F08B042617D71FAA614E022A234211926EB75B28146AB59AEC8E288AB213F08B042617D71FAA614E022A23421186A5A5A55C2E27FE95DD11755176027E91C0E4E2FA4335CC49406544280257ABD50A8542B7DB95DD11A55176027E91C0E4E2FA4335CC494065442802C49B39DDA3EC04FC2281C9C5F5876A989380CA885004A5D3E9E4F379DECCE9126527E017094C2EAE3F54C39C045446842210AD562B97CB2D2F2FCBEE486C5076027E91C0E4E2FA4335CC4940654428FC5B585828140ABD5E4F7647E284B213F08B042617D71FAA614E022A2342E187A669E572797676567647E287B213F08B042617D71FAA614E022A3344A85DC066EC45D24DA868F066CE46A321BB23B144D909F84506928BEB0FD530270195B92C3BBD1E333C926235A99ACD266FE6F483B213F08B5C2217D71FAA614E022A0BAAEC3C70DF6746ABCACFDC77C0CDA31053737373C562913773FA41D909F8455E918BEB0FD53027019505FFD3CEF502F4CE47BC3E0A31214ACD52A924CA4ED91D893DCA4EC02FF28A5C5C7FA8863909A8CCE1F760ED7E1BD639A81FB9D3AAE86429488476BB9DCFE717171765772409283B01BFC82B7271FDA11AE624A032373FEDF4509A1EB8EF33EFFD7EED04052D5426AA4D51738ACA5376471282B213F08B442217D71FAA614E022A1B8DD0C1EDB131EB70C023775ABCAB73ECA3A0BEB9B9B952A9C49B390344D909F8455E918BEB0FD530270195055A76DAFD82ADDB334341A2D42C168BBC993370949D805F2415B9B8FE500D731250D93042CDF5E7D887188DFC86ADE543580D626779793997CB359B4DD91D4920CA4EC02F928A5C5C7FA8863909A82CC8B2D3E6879DEECF0CA5341A8D7C3EDFE97464772499283B01BFC8287271FDA11AE624A032BB9F433A44AEA7A0F67466A8637676B65C2E6B9A26BB238945D909F8453A918BEB0FD530270195397CA8ACF94B9E3E84D6D399A18E5EAF572814161616647724E1283B01BF48247271FDA11AE624A0322214A3066FE66CB55AB23B927C949D805F2430B9B8FE500D73125019118AA15AADC69B392343D909F84502938BEB0FD53027019511A110344DDBD6C79B392343D909F84502938BEB0FD53027019511A1E876BB8542A156ABC9EE48BA5076027E91C0E4E2FA4335CC4940654468CA2D2D2DE57239F1AFEC8EA40E6527E017094C2EAE3F54C39C04544684A659AD562B140ADD6E577647D288B213F08B042617D71FAA614E022A2342D38937734A47D909F84502932B19D75F64C146A3512E970B8542369BCDA49578EDE20A944AA57ABDDEEBF5640FCB8432899893405211A1649C8164649C18C95076023E051E45F02401D7BFD96C8AE42776000F3EF8E0633B771E3878F0CCCA4A3A9B78EDE20AECD8B163EBD6ADE29A88AD80ECC1994402E6249060298F50324EC2324E8C5076027EA53C814917EBEBDFEBF52A95CA962D5B0EBD7AE8CCCA19DA683BF2E611B115101727766FC289F59C04122FB5114AC64964C68911CA4EC0AFD4263045C4F7FA8B1D402E97FBD603DF3CB3729A66D71EFEEEC39B376F8ED7DFF28EEF9C04D2209D114AC6496AC68911CA4EC0AF74263075C4F7FA572A95FE0EE014CDB93DB6F3D1EBAFFF0DD9C3E5417CE7249006E98C50324E52334E8C5076027EA53381A923A6D7BFD96C6ED972D3CAAA4673D3BEF8A77FB27DFB97650F9A5B319D93404AA43042C93809CE383142D909F895C204A694385E7F4DD3B2D9ECAB873B2BAB27696EDAB1E36F6FDAF4A976BB2D7BE85C89E39C04D2236D114AC64976C68911CA4EC0AFB42530D5C4F1FAD7EBF54AA5B2B27A62D86E28FEB6CB0F7C1F7D54AADAF6ED7F5DAD56650F9D2B719C93407AA42D42C938C9CE383142D909F895B604A69A385EFF52A9B4E3A1FFF7FE0EE0A62D3FD7F557CEEA2FADE8CF9FD69F3DAD3F7D6C75E1A11F7CFFF03B4F9ED1FF4BD39FD4F45D27F4474FE9FFB06BEF9DDB3E273D1F4B69CFEC5ECAE572B287CE9538CE49203DD216A1649C64679C18A1EC04FC4A5B02534D1CAFFFCCCCCCBE7D7B56568F0F9A7809C774FDF89AFECEAAFED619FD84AEFFF19F7F2973C107F337950EAFE8874EEB874EE91D4D3FB0AA7FFBC7CFF6BFFD7C3C85EDD8F1A3535353B287CE9538CE49203DD216A1649C64679C18A1EC04FC4A5B02534D1CAFFFF4F4F49B470FAFAC1E1B34F1124E9CD54F9F5DFFD2EADAFABFDFF9DEBFFFF2AFFCEA5FDCFB95555D7F77557F67457F6B45EFE9FAA34F3DD7DF041C4B678BCB58C7A59F403AA52D42C938C9CE383142D909F8C5C224571CAF7F3F91BF3B6CE2BFC757F5A327F53367CF1DD0EBF5FEFE6B5FFFF2DF7DEDD06BEB7FB77A654D3FD3DF1C3CF1CCB386C7A6AAC565ACE3D24F209DD216A1649C64679C18A1EC04FC6261926B6A6A4AD334D9BDF0A69FC8FF7BD8D6370167F52327F4D78FE92BBA7EE6F4E9996BAEC9642ECC64A66EF9BDADA30F7C7AF71EC36353D5E2126B71E927904E71CC1A7E9071929D716284B213F08B8549AE6C36DBE97464F7C29B7E227F67D806BFF274F4A4FEDABBFA1BA7F4A7F7FDF4AAABAEBAF0A24B2EDD7079F9F7CFDB043CF5CC6EC36353D5E2126B71E927904E71CC1A7E9071929D716284B213F08B8549AE5C2EB7BCBC2CBB17DEF413796FD8C47F4FAEE96F69EBDF7B3E724ADFF954FB939BAEBBFC8A2B374C7FF8EBFFF2ED53BA7EECB47EE2F4FA03772D3D65786CAA5A2C62ADDBED6EDCB851762F00D88A63D6F0838C93E08C132F949D805F2C4C72150A8556AB25BB17DE8839B3BAFAF6B00DA690D807BCB3A2BF7D467FEDDD9527F67636FDDAA76FF8CDDF7AE3B4FEBAA6BFA1E9474FEB621BB0EBC9A70C8F4D558B45AC753A9D6C362BBB17006CC5316BF841C64970C68917CA4EC02F1626B92A954ABD5E97DD0B6F0C89BC70C3F5CFBDF0D2D37BDB4BCBEDC777B71FDFB3FF89E70EFEC793CFFF78EFCB3FDCBDFF47BB5F7C7CCF8B4BCFEEDFFBD2CFEEFFA7076EBDED56E9C9984D808366B3592C1665F70280AD38660D3FC83809CE38F142D909F8C5C22497D83D883D84EC5E78D3DF04BC35DAEEBAEB7319173E7BCB2D8607A6AAC522D6E6FA64F70280AD38660D3FC83809CE38F142D909F8C5C22457BBDD9E999991DD0B6FFA9B80A334AF2D16B1562C169BCDA6EC5E00B015C7ACE1071927C119275E283B01BF5898A48BDDE743AC6F02CEBE49F3DAD48FB56EB79BCD6653F5B71980388A5DD6F0838C93D48C133B949D805F2C4CD22D2C2CCCCECECAEE8507FD4DC0119AD7A67EACC56E2A02E994AA5025E32435E3C40E6527E0170B93749AA665B3D96EB72BBB236EF537016FD0BC36C5632D76F31048AD54452B19279119278E283B01BF589854D06AB50A8582EC5EB8D5DF04BC4EF3DA148FB5B47D3C26106BF1CA1A7E9071129971E288B213F08B8549117373734AFDD254A3D1E8743A965FEA6F02BA34AF4DE5585B5858D8B66D9BEC5E00F040B5ACE1071927551927A6283B01BF5898D451AD568BC562AFD793DD117DFFFEFD830FA0BFECB2CB76ECD861F82A9B80246D02344DAB542AD49C401CA99335FC20E3A427E3C41A6527E0170B93529ACD66369B9D9B9B93FBA61D518A5C70C105837DC0C5175F7CEDB5D78E7E1FBABF09F8F964CDF2AFAB793DC3D87B0CF73B3F85FB87FB79E18387CB1B520B62ABBAB0B020E61BBF5B0BC4972259C38F9032CEE803033989C3A9CCCF3536B3A42DE324006527E0170B936A4431203610621B512C16C58D56AB25A51B1B376E1CAD0C2FBDF4D2DB6FBF7DF0A735C47FCF9E7DCD7D1B9EC470A7DD6166E6239DCF637763EC138D3EDDD8F3786D8AC49A9851F3F3F3A55249CCB1D9D9D9F86E55010C289235FC0830E3B8CF1441651CC3630D2923E519274902BFA48C10528785494D22DD369B4DB18128140A639356F4CE9E3DECA9191E627906BBD38EDEEFA64BC3DBA337460F73EEBFE5C3ED6E78BD082A8CA6E843B55A5D5C5C8CFB2FE60118A578D6F06382F5D69C3B267B94CB2E393C97F35367C2CC38B2A764D2047E491921A40E0B132C6DD8B061985F4B7D622BD36EB7F573DF7B7ED5531B3EC4267F9F778CDD63BD1E33B831B6B796078CF6CDDCC309AEC0E051B247150054146CC6B15CA50D69C22E1979CA380E75E9687623E324036527E0170B13CC7ABDDE2005CECCCCDC71C71DE2DF46A331FC6A3F051EF2D4860F313F76F44BF699DB78B0DD49CC27B47CA0A7E7327C7582973F3C8FC431050035059E712C938ECBF378CD3863FF4BC6498CC02F292384D4616182D92BAFBC323535552C16B3D96CB55A35FC36663F0BFECC531B3EC4CD0DBBC7BA3CC6EE4EBBF38CBD3D7A6382D73E7A4259030A00CA0A2FE338DF36558093671CF3A3C838C943D909F8C5C2044B8B8B8BF57ADDF20FA9C92D3BEDBF67ECAD3F63CF33FCEFD81EB20900003F02CC38CE75A3DD7A6E57763A670ACBFB2DCB4E324E02047E491921A40E0B13BCEAE7C2573CB5E1439C6FD827666FCF35F63C636F8F1E6FBE315923D600C02B3F0BAFC3630D5FF2B9CE9BF308192779283B01BF5898E0D57A2E5CEB786AE7726AFFC6F01EBB1BE6C78EBDDFF2B6DD330EFB635D9ADA9CC7A127EE2F82ECA10380989978E1B5CB1196F778CA44968F35FF4BC64918CA4EC02F162678D5CF852FBB6FE6E307F718EEB73BEDE8FD86079ABF64BEE17CB09BDBC3F3589ECAD375903D7400103313AFB7CEF758558013669C60B30F194759949D805F2C4CF0AA9F027F3A711B7DB8E1B6FDF783CF3BDED001C39D861BE6FB1DFA6379FFB00F634F35F685CB1E3A00889909D65BF7D9C44D8672C838C37F1DEE24E324066527E0170B13BCEAA7C08313B4F7B2A9F14EC30D3707987612D6F75BED396CCF6FD755CBF34FF6F2650F1D00C4CCC419C7E56A6FB7B6BBC93896478E4D2E649C98A2EC04FC62618257FD147880E6B5116B00E01519878CA308CA4EC02F162678D5DF04BC44F3DA883500F08A8C43C651046527E0170B13BC6213C0260000A241C621E32882B213F08B85095E8939B3B6B69FE6B5116B00E01519878CA308CA4EC02F162678D5DF04BC48F3DA883500F08A8C43C651046527E0170B13BCEA6F02DA34AF8D580300AFC838641C455076027EB130C1ABFE26E0059AD746AC018057641C328E22283B01BF5898E0D5D4D4D4C9937BD6D69EA7796AC41A007845C621E32882B213F08B85095E65B3D9975FFEFEDADA3E9AA746AC018057641C328E22283B01BF5898E055B1587CA4595BD37F4273DF5E687F67666646F6D00140CC9071C8388AA0EC04FCA2EC8457F3F3F3D5EAEDD2D36ABCDA3FD7EFAD542AB2870E0062868C43C651046527E0176527BCEA743A33331F3FA93DBDA6EFA5B96CA5D28D8B8B8BB2870E0062868C43C651046527E01765272630B76EDB9AFE1CCD4DFBBF8DBF2D978BB2070D0062898C43C651016527E017652726A0695AA1F0E9A5A57FD5F56769CEADDBDD3933F3F15E6F97EC4103805822E390715440D909F845D989C9B4DBED5CEE9A767B51D79769764DEC00C46EA9D5FAA6ECE102801823E39071A4A3EC04FCA2ECC4C4969696C43E607EFE8F747D0FCDDC1617BF3A33936DB5BE217BA00020F6C838641CB9283B01BF283BE187A669D56AA550B8AE5EFFAB6EF7515DDF4DEBF5FEB3D1F89B72794BA95410B7650F1100240419878C23116527E0176527FC6BB55A95CAFFDCB8F17F6490C94C4F5F562EDF24F601B287050012888C338A8C13990C6527E053E0510400000024096527E0176527000000E080B213F08BB2130000007040D909F845D90900000038A0EC04FCA2EC040000001C5076027E5176020000000E283B01BF283B0100000007949D805F949D0000008003CA4EC02FCA4E000000C0016527E0176527000000E080B213F08BB2130000007040D909F845D90900000038A0EC04FCA2EC040000001C5076027E5176020000000E283B01BF283B0100000007949D805F949D0000008003CA4EC02FCA4E000000C0016527E0176527000000E080B213F08BB2130000007040D909F845D90900000038A0EC04FCA2EC040000001C5076027E5176020000000E283B01BF283B0100000007949D805F949D0000008003CA4EC02FCA4E000000C0016527E0176527000000E080B213F08BB2130000007040D909F845D90900000038A0EC04FCA2EC040000001C5076027E5176020000000E283B01BF283B0100000007949D805F949D0000008003CA4EC02FCA4E000000C0016527E0176527000000E080B213F06B6A6A4AD334D9BD000000001445D909F895CD663B9D8EEC5E000000008AA2EC04FCCAE572CBCBCBB27B1133964BCFF0CE8CC9D8C73ADC0F000000B9283B01BF0A8542ABD592DD8B9871533A8E56A16E1E4ED9090000A026CA4EC0AF4AA552AFD765F72206CC3FC3B4FC61A6F921EECF1F504F01000010984EA793CD66833D27DB3EA48EA83945E529BB1731E35C22BA2C4D3D55B000000090A2D96C168BC560CFC99E0FA9D36EB767666664F722661CCA48DDEAD76BCD6FFB74794E000000C8B5B0B0303B3B1BEC39D9F6218DF854A1B11C7EC376B48C1C969DCE3FC63497A33A652700008092CAE572A3D108F69C6CFB9046617C0B27C1C6FEC4D2E1A79DE6FFDA1D03000000154C4F4FF77ABD60CFC9B60F69A4695A369BED76BBB23B1203A385A5B950F4FAD34E9DB21300004061AD56AB5028047E5AB67D48A990222A615CFE18D3D34F3B9DEF0400008044A55269717131F0D3B2ED437ACDCDCDF1ABB6760C3FB134DC36BFB7D3F05FE7B2D3E1B77601000020CBD2D2523E9F0FE3CC6CFB906AD56AB5582C06FECBEBC9635722BA291DED7E4117000000EAE876BBA2E6EC743A619C9C8D20D2AED96C66B3D9B9B939DEEAE9C0F9F3841C3EEDD6FC635287B780020000408AC1CF39C3FB5B0FECF900BDD7EB89B253149FC56251DC68B55AB27B04000000844ED3B446A3512E9745CDD96EB7C37B22CA4EE01C1175CD6653949D8542C1E1277800000040324C4D4D85F1573ACD283B010000000021A2EC04000000008488B213000000001022CA4E000000004088FE3FD5A0BF5957218CC70000000049454E44AE426082, '0');

-- ----------------------------
-- Table structure for `act_ge_property`
-- ----------------------------
DROP TABLE IF EXISTS `act_ge_property`;
CREATE TABLE `act_ge_property` (
  `NAME_` varchar(64) COLLATE utf8_bin NOT NULL DEFAULT '',
  `VALUE_` varchar(300) COLLATE utf8_bin DEFAULT NULL,
  `REV_` int(11) DEFAULT NULL,
  PRIMARY KEY (`NAME_`)
) ENGINE=InnoDB DEFAULT CHARSET=utf8 COLLATE=utf8_bin;

-- ----------------------------
-- Records of act_ge_property
-- ----------------------------
INSERT INTO `act_ge_property` VALUES ('next.dbid', '45001', '19');
INSERT INTO `act_ge_property` VALUES ('schema.history', 'create(5.20.0.1)', '1');
INSERT INTO `act_ge_property` VALUES ('schema.version', '5.20.0.1', '1');

-- ----------------------------
-- Table structure for `act_hi_actinst`
-- ----------------------------
DROP TABLE IF EXISTS `act_hi_actinst`;
CREATE TABLE `act_hi_actinst` (
  `ID_` varchar(64) COLLATE utf8_bin NOT NULL,
  `PROC_DEF_ID_` varchar(64) COLLATE utf8_bin NOT NULL,
  `PROC_INST_ID_` varchar(64) COLLATE utf8_bin NOT NULL,
  `EXECUTION_ID_` varchar(64) COLLATE utf8_bin NOT NULL,
  `ACT_ID_` varchar(255) COLLATE utf8_bin NOT NULL,
  `TASK_ID_` varchar(64) COLLATE utf8_bin DEFAULT NULL,
  `CALL_PROC_INST_ID_` varchar(64) COLLATE utf8_bin DEFAULT NULL,
  `ACT_NAME_` varchar(255) COLLATE utf8_bin DEFAULT NULL,
  `ACT_TYPE_` varchar(255) COLLATE utf8_bin NOT NULL,
  `ASSIGNEE_` varchar(255) COLLATE utf8_bin DEFAULT NULL,
  `START_TIME_` datetime NOT NULL,
  `END_TIME_` datetime DEFAULT NULL,
  `DURATION_` bigint(20) DEFAULT NULL,
  `TENANT_ID_` varchar(255) COLLATE utf8_bin DEFAULT '',
  PRIMARY KEY (`ID_`),
  KEY `ACT_IDX_HI_ACT_INST_START` (`START_TIME_`),
  KEY `ACT_IDX_HI_ACT_INST_END` (`END_TIME_`),
  KEY `ACT_IDX_HI_ACT_INST_PROCINST` (`PROC_INST_ID_`,`ACT_ID_`),
  KEY `ACT_IDX_HI_ACT_INST_EXEC` (`EXECUTION_ID_`,`ACT_ID_`)
) ENGINE=InnoDB DEFAULT CHARSET=utf8 COLLATE=utf8_bin;

-- ----------------------------
-- Records of act_hi_actinst
-- ----------------------------
INSERT INTO `act_hi_actinst` VALUES ('20002', 'activitiemployeeProcess:1:17504', '20001', '20001', 'startevent2', null, null, 'Start', 'startEvent', null, '2017-03-15 16:53:31', '2017-03-15 16:53:31', '132', '');
INSERT INTO `act_hi_actinst` VALUES ('20003', 'activitiemployeeProcess:1:17504', '20001', '20001', 'usertask6', '20004', null, '', 'userTask', null, '2017-03-15 16:53:31', null, null, '');
INSERT INTO `act_hi_actinst` VALUES ('22502', 'activitiemployeeProcess:1:17504', '22501', '22501', 'startevent2', null, null, 'Start', 'startEvent', null, '2017-03-15 16:57:01', '2017-03-15 16:57:01', '14', '');
INSERT INTO `act_hi_actinst` VALUES ('22504', 'activitiemployeeProcess:1:17504', '22501', '22501', 'usertask6', '22505', null, '', 'userTask', null, '2017-03-15 16:57:01', '2017-03-15 16:57:02', '1051', '');
INSERT INTO `act_hi_actinst` VALUES ('22507', 'activitiemployeeProcess:1:17504', '22501', '22501', 'usertask7', '22508', null, '', 'userTask', null, '2017-03-15 16:57:02', '2017-03-15 16:58:18', '76037', '');
INSERT INTO `act_hi_actinst` VALUES ('22514', 'activitiemployeeProcess:1:17504', '22501', '22501', 'parallelgateway1', null, null, 'Parallel Gateway', 'parallelGateway', null, '2017-03-15 16:58:18', '2017-03-15 16:58:18', '0', '');
INSERT INTO `act_hi_actinst` VALUES ('22517', 'activitiemployeeProcess:1:17504', '22501', '22515', 'usertask8', '22518', null, '', 'userTask', null, '2017-03-15 16:58:18', '2017-03-15 17:09:06', '648585', '');
INSERT INTO `act_hi_actinst` VALUES ('22520', 'activitiemployeeProcess:1:17504', '22501', '22516', 'usertask9', '22521', null, '', 'userTask', null, '2017-03-15 16:58:18', '2017-03-15 17:10:48', '750323', '');
INSERT INTO `act_hi_actinst` VALUES ('25003', 'activitiemployeeProcess:1:17504', '22501', '22515', 'parallelgateway2', null, null, 'Parallel Gateway', 'parallelGateway', null, '2017-03-15 17:09:06', '2017-03-15 17:09:06', '7', '');
INSERT INTO `act_hi_actinst` VALUES ('25006', 'activitiemployeeProcess:1:17504', '22501', '22516', 'parallelgateway2', null, null, 'Parallel Gateway', 'parallelGateway', null, '2017-03-15 17:10:48', '2017-03-15 17:10:48', '8', '');
INSERT INTO `act_hi_actinst` VALUES ('25007', 'activitiemployeeProcess:1:17504', '22501', '22501', 'usertask10', '25008', null, '', 'userTask', null, '2017-03-15 17:10:48', '2017-03-15 17:17:07', '379927', '');
INSERT INTO `act_hi_actinst` VALUES ('27504', 'activitiemployeeProcess:1:17504', '22501', '22501', 'exclusivegateway1', null, null, 'Exclusive Gateway', 'exclusiveGateway', null, '2017-03-15 17:17:07', '2017-03-15 17:17:07', '8', '');
INSERT INTO `act_hi_actinst` VALUES ('27505', 'activitiemployeeProcess:1:17504', '22501', '22501', 'usertask11', '27506', null, '', 'userTask', null, '2017-03-15 17:17:07', '2017-03-15 17:19:20', '133455', '');
INSERT INTO `act_hi_actinst` VALUES ('27510', 'activitiemployeeProcess:1:17504', '22501', '22501', 'endevent2', null, null, 'End', 'endEvent', null, '2017-03-15 17:19:20', '2017-03-15 17:19:20', '0', '');
INSERT INTO `act_hi_actinst` VALUES ('30002', 'activitiemployeeProcess:1:17504', '30001', '30001', 'startevent2', null, null, 'Start', 'startEvent', null, '2017-03-16 10:32:32', '2017-03-16 10:32:32', '22', '');
INSERT INTO `act_hi_actinst` VALUES ('30004', 'activitiemployeeProcess:1:17504', '30001', '30001', 'usertask6', '30005', null, '', 'userTask', null, '2017-03-16 10:32:32', '2017-03-16 10:32:33', '1119', '');
INSERT INTO `act_hi_actinst` VALUES ('30007', 'activitiemployeeProcess:1:17504', '30001', '30001', 'usertask7', '30008', null, '', 'userTask', null, '2017-03-16 10:32:33', '2017-03-16 11:09:57', '2244046', '');
INSERT INTO `act_hi_actinst` VALUES ('32505', 'activitiemployeeProcess:1:17504', '30001', '30001', 'parallelgateway1', null, null, 'Parallel Gateway', 'parallelGateway', null, '2017-03-16 11:09:57', '2017-03-16 11:09:57', '1', '');
INSERT INTO `act_hi_actinst` VALUES ('32508', 'activitiemployeeProcess:1:17504', '30001', '32506', 'usertask8', '32509', null, '', 'userTask', null, '2017-03-16 11:09:57', '2017-03-16 11:27:05', '1028261', '');
INSERT INTO `act_hi_actinst` VALUES ('32511', 'activitiemployeeProcess:1:17504', '30001', '32507', 'usertask9', '32512', null, '', 'userTask', null, '2017-03-16 11:09:57', '2017-03-16 11:28:09', '1092788', '');
INSERT INTO `act_hi_actinst` VALUES ('35003', 'activitiemployeeProcess:1:17504', '30001', '32506', 'parallelgateway2', null, null, 'Parallel Gateway', 'parallelGateway', null, '2017-03-16 11:27:05', '2017-03-16 11:27:05', '6', '');
INSERT INTO `act_hi_actinst` VALUES ('35006', 'activitiemployeeProcess:1:17504', '30001', '32507', 'parallelgateway2', null, null, 'Parallel Gateway', 'parallelGateway', null, '2017-03-16 11:28:09', '2017-03-16 11:28:09', '7', '');
INSERT INTO `act_hi_actinst` VALUES ('35007', 'activitiemployeeProcess:1:17504', '30001', '30001', 'usertask10', '35008', null, '', 'userTask', null, '2017-03-16 11:28:09', '2017-03-16 11:29:31', '82771', '');
INSERT INTO `act_hi_actinst` VALUES ('35012', 'activitiemployeeProcess:1:17504', '30001', '30001', 'exclusivegateway1', null, null, 'Exclusive Gateway', 'exclusiveGateway', null, '2017-03-16 11:29:31', '2017-03-16 11:29:31', '11', '');
INSERT INTO `act_hi_actinst` VALUES ('35013', 'activitiemployeeProcess:1:17504', '30001', '30001', 'usertask12', '35014', null, '', 'userTask', null, '2017-03-16 11:29:31', '2017-03-16 14:49:47', '12016937', '');
INSERT INTO `act_hi_actinst` VALUES ('37503', 'activitiemployeeProcess:1:17504', '30001', '30001', 'endevent2', null, null, 'End', 'endEvent', null, '2017-03-16 14:49:47', '2017-03-16 14:49:47', '0', '');
INSERT INTO `act_hi_actinst` VALUES ('42502', 'activitiemployeeProcess:2:40004', '42501', '42501', 'startevent2', null, null, '', 'startEvent', null, '2017-03-16 15:41:28', '2017-03-16 15:41:28', '12', '');
INSERT INTO `act_hi_actinst` VALUES ('42504', 'activitiemployeeProcess:2:40004', '42501', '42501', 'usertask6', '42505', null, '', 'userTask', null, '2017-03-16 15:41:28', '2017-03-16 15:41:29', '1653', '');
INSERT INTO `act_hi_actinst` VALUES ('42507', 'activitiemployeeProcess:2:40004', '42501', '42501', 'usertask7', '42508', null, '', 'userTask', null, '2017-03-16 15:41:29', '2017-03-16 15:49:14', '465129', '');
INSERT INTO `act_hi_actinst` VALUES ('42514', 'activitiemployeeProcess:2:40004', '42501', '42501', 'parallelgateway1', null, null, '', 'parallelGateway', null, '2017-03-16 15:49:14', '2017-03-16 15:49:14', '0', '');
INSERT INTO `act_hi_actinst` VALUES ('42517', 'activitiemployeeProcess:2:40004', '42501', '42515', 'usertask8', '42518', null, '', 'userTask', null, '2017-03-16 15:49:14', '2017-03-16 16:08:00', '1126226', '');
INSERT INTO `act_hi_actinst` VALUES ('42520', 'activitiemployeeProcess:2:40004', '42501', '42516', 'usertask9', '42521', null, '', 'userTask', null, '2017-03-16 15:49:14', '2017-03-16 16:07:22', '1088657', '');
INSERT INTO `act_hi_actinst` VALUES ('42525', 'activitiemployeeProcess:2:40004', '42501', '42516', 'parallelgateway2', null, null, '', 'parallelGateway', null, '2017-03-16 16:07:22', '2017-03-16 16:07:22', '6', '');
INSERT INTO `act_hi_actinst` VALUES ('42528', 'activitiemployeeProcess:2:40004', '42501', '42515', 'parallelgateway2', null, null, '', 'parallelGateway', null, '2017-03-16 16:08:00', '2017-03-16 16:08:00', '11', '');
INSERT INTO `act_hi_actinst` VALUES ('42529', 'activitiemployeeProcess:2:40004', '42501', '42501', 'usertask10', '42530', null, '', 'userTask', null, '2017-03-16 16:08:00', '2017-03-16 16:08:59', '59096', '');
INSERT INTO `act_hi_actinst` VALUES ('42534', 'activitiemployeeProcess:2:40004', '42501', '42501', 'exclusivegateway1', null, null, '', 'exclusiveGateway', null, '2017-03-16 16:08:59', '2017-03-16 16:08:59', '0', '');
INSERT INTO `act_hi_actinst` VALUES ('42535', 'activitiemployeeProcess:2:40004', '42501', '42501', 'usertask12', '42536', null, '', 'userTask', null, '2017-03-16 16:08:59', '2017-03-16 16:16:05', '426278', '');
INSERT INTO `act_hi_actinst` VALUES ('42540', 'activitiemployeeProcess:2:40004', '42501', '42501', 'endevent2', null, null, '', 'endEvent', null, '2017-03-16 16:16:05', '2017-03-16 16:16:05', '0', '');

-- ----------------------------
-- Table structure for `act_hi_attachment`
-- ----------------------------
DROP TABLE IF EXISTS `act_hi_attachment`;
CREATE TABLE `act_hi_attachment` (
  `ID_` varchar(64) COLLATE utf8_bin NOT NULL,
  `REV_` int(11) DEFAULT NULL,
  `USER_ID_` varchar(255) COLLATE utf8_bin DEFAULT NULL,
  `NAME_` varchar(255) COLLATE utf8_bin DEFAULT NULL,
  `DESCRIPTION_` varchar(4000) COLLATE utf8_bin DEFAULT NULL,
  `TYPE_` varchar(255) COLLATE utf8_bin DEFAULT NULL,
  `TASK_ID_` varchar(64) COLLATE utf8_bin DEFAULT NULL,
  `PROC_INST_ID_` varchar(64) COLLATE utf8_bin DEFAULT NULL,
  `URL_` varchar(4000) COLLATE utf8_bin DEFAULT NULL,
  `CONTENT_ID_` varchar(64) COLLATE utf8_bin DEFAULT NULL,
  `TIME_` datetime DEFAULT NULL,
  PRIMARY KEY (`ID_`)
) ENGINE=InnoDB DEFAULT CHARSET=utf8 COLLATE=utf8_bin;

-- ----------------------------
-- Records of act_hi_attachment
-- ----------------------------

-- ----------------------------
-- Table structure for `act_hi_comment`
-- ----------------------------
DROP TABLE IF EXISTS `act_hi_comment`;
CREATE TABLE `act_hi_comment` (
  `ID_` varchar(64) COLLATE utf8_bin NOT NULL,
  `TYPE_` varchar(255) COLLATE utf8_bin DEFAULT NULL,
  `TIME_` datetime NOT NULL,
  `USER_ID_` varchar(255) COLLATE utf8_bin DEFAULT NULL,
  `TASK_ID_` varchar(64) COLLATE utf8_bin DEFAULT NULL,
  `PROC_INST_ID_` varchar(64) COLLATE utf8_bin DEFAULT NULL,
  `ACTION_` varchar(255) COLLATE utf8_bin DEFAULT NULL,
  `MESSAGE_` varchar(4000) COLLATE utf8_bin DEFAULT NULL,
  `FULL_MSG_` longblob,
  PRIMARY KEY (`ID_`)
) ENGINE=InnoDB DEFAULT CHARSET=utf8 COLLATE=utf8_bin;

-- ----------------------------
-- Records of act_hi_comment
-- ----------------------------
INSERT INTO `act_hi_comment` VALUES ('22510', 'comment', '2017-03-15 16:58:17', '[]', '22508', '22501', 'AddComment', '', 0xBAC3B0C9A3ACBAC3B0C9A3AC);
INSERT INTO `act_hi_comment` VALUES ('25001', 'comment', '2017-03-15 17:09:06', 'sdsd[]', '22518', '22501', 'AddComment', '', 0xBFC9D2D4A3ACBFC9D2D4A3ACD0A1BBEFD7D3A3ACD5E6BBE1CDE6);
INSERT INTO `act_hi_comment` VALUES ('25004', 'comment', '2017-03-15 17:10:48', '[]', '22521', '22501', 'AddComment', '', 0xC4EAC7E1C8CBD5E6BAC3A3ACD7F7CBC0B6E0B2BBD3C3C5C2);
INSERT INTO `act_hi_comment` VALUES ('27501', 'comment', '2017-03-15 17:17:07', 'sdsd[]', '25008', '22501', 'AddComment', '', 0xD5E2D0E8D2AACFF2B9ABCBBEC1ECB5BCC9EAC7EBCAC7B7F1CDACD2E2A3ACC7EBC4CDD0C4B5C8B4FD);
INSERT INTO `act_hi_comment` VALUES ('27508', 'comment', '2017-03-15 17:19:20', '[]', '27506', '22501', 'AddComment', '', 0xD0A1BBEFD7D3D3D0C7B0CDBEA3ACCDACD2E2);
INSERT INTO `act_hi_comment` VALUES ('32501', 'comment', '2017-03-16 11:09:56', '[]', '30008', '30001', 'AddComment', '', 0xD0D0A3ACBFC9D2D4);
INSERT INTO `act_hi_comment` VALUES ('35001', 'comment', '2017-03-16 11:27:05', 'sdsd[]', '32509', '30001', 'AddComment', '', 0xBFB4C4E3D5E2C3B4CEAAB9ABCBBEBEA1D4F0A3ACBFC9D2D4);
INSERT INTO `act_hi_comment` VALUES ('35004', 'comment', '2017-03-16 11:28:09', '[]', '32512', '30001', 'AddComment', '', 0xD0D0C1CBA3ACD0A1BBEFD7D3);
INSERT INTO `act_hi_comment` VALUES ('35010', 'comment', '2017-03-16 11:29:31', 'sdsd[]', '35008', '30001', 'AddComment', '', 0xE0C5B9FEA3ACC8CBCAC2B2BFD0E8D2AACFF2C9CFBCB6C1ECB5BCC9EAC7EBA3ACC7EBC4CDD0C4B5C8B4FD);
INSERT INTO `act_hi_comment` VALUES ('37501', 'comment', '2017-03-16 14:49:47', '[]', '35014', '30001', 'AddComment', 'OK', 0x4F4BA3ACA3ACC3BBCECACCE2);
INSERT INTO `act_hi_comment` VALUES ('42510', 'comment', '2017-03-16 15:49:14', '[]', '42508', '42501', 'AddComment', '', 0xCAB2C3B4BBD8BCD2D1F8D6EDA3ACD0A1BBEFD7D3D5E6BBE1CDE6B0A1A1A3CDACD2E2);
INSERT INTO `act_hi_comment` VALUES ('42523', 'comment', '2017-03-16 16:07:22', '[]', '42521', '42501', 'AddComment', '', 0xB6F7B6F7A3ACC4E3C3C7CFEEC4BFBEADC0EDB6E0CDACD2E2C1CBCED2BBB9CBB5CAB2C3B4A1A3);
INSERT INTO `act_hi_comment` VALUES ('42526', 'comment', '2017-03-16 16:08:00', 'sdsd[]', '42518', '42501', 'AddComment', '', 0xB6F7B6F7A3ACBAC3A3AC);
INSERT INTO `act_hi_comment` VALUES ('42532', 'comment', '2017-03-16 16:08:59', 'sdsd[]', '42530', '42501', 'AddComment', '', 0xBAC3A3ACC8CBCAC2B2BFD0E8D2AACFF2C1ECB5BCC9EAC7EBD2E2BCFBA3ACC7EBC9D4B5C8);
INSERT INTO `act_hi_comment` VALUES ('42538', 'comment', '2017-03-16 16:16:05', '[]', '42536', '42501', 'AddComment', '100', 0xE0C5A3ACA3ACBAC3A3ACCED2D7BCB1B8CDB6D7CA313030CDF2B8F8C4E3A1A3);

-- ----------------------------
-- Table structure for `act_hi_detail`
-- ----------------------------
DROP TABLE IF EXISTS `act_hi_detail`;
CREATE TABLE `act_hi_detail` (
  `ID_` varchar(64) COLLATE utf8_bin NOT NULL,
  `TYPE_` varchar(255) COLLATE utf8_bin NOT NULL,
  `PROC_INST_ID_` varchar(64) COLLATE utf8_bin DEFAULT NULL,
  `EXECUTION_ID_` varchar(64) COLLATE utf8_bin DEFAULT NULL,
  `TASK_ID_` varchar(64) COLLATE utf8_bin DEFAULT NULL,
  `ACT_INST_ID_` varchar(64) COLLATE utf8_bin DEFAULT NULL,
  `NAME_` varchar(255) COLLATE utf8_bin NOT NULL,
  `VAR_TYPE_` varchar(255) COLLATE utf8_bin DEFAULT NULL,
  `REV_` int(11) DEFAULT NULL,
  `TIME_` datetime NOT NULL,
  `BYTEARRAY_ID_` varchar(64) COLLATE utf8_bin DEFAULT NULL,
  `DOUBLE_` double DEFAULT NULL,
  `LONG_` bigint(20) DEFAULT NULL,
  `TEXT_` varchar(4000) COLLATE utf8_bin DEFAULT NULL,
  `TEXT2_` varchar(4000) COLLATE utf8_bin DEFAULT NULL,
  PRIMARY KEY (`ID_`),
  KEY `ACT_IDX_HI_DETAIL_PROC_INST` (`PROC_INST_ID_`),
  KEY `ACT_IDX_HI_DETAIL_ACT_INST` (`ACT_INST_ID_`),
  KEY `ACT_IDX_HI_DETAIL_TIME` (`TIME_`),
  KEY `ACT_IDX_HI_DETAIL_NAME` (`NAME_`),
  KEY `ACT_IDX_HI_DETAIL_TASK_ID` (`TASK_ID_`)
) ENGINE=InnoDB DEFAULT CHARSET=utf8 COLLATE=utf8_bin;

-- ----------------------------
-- Records of act_hi_detail
-- ----------------------------

-- ----------------------------
-- Table structure for `act_hi_identitylink`
-- ----------------------------
DROP TABLE IF EXISTS `act_hi_identitylink`;
CREATE TABLE `act_hi_identitylink` (
  `ID_` varchar(64) COLLATE utf8_bin NOT NULL DEFAULT '',
  `GROUP_ID_` varchar(255) COLLATE utf8_bin DEFAULT NULL,
  `TYPE_` varchar(255) COLLATE utf8_bin DEFAULT NULL,
  `USER_ID_` varchar(255) COLLATE utf8_bin DEFAULT NULL,
  `TASK_ID_` varchar(64) COLLATE utf8_bin DEFAULT NULL,
  `PROC_INST_ID_` varchar(64) COLLATE utf8_bin DEFAULT NULL,
  PRIMARY KEY (`ID_`),
  KEY `ACT_IDX_HI_IDENT_LNK_USER` (`USER_ID_`),
  KEY `ACT_IDX_HI_IDENT_LNK_TASK` (`TASK_ID_`),
  KEY `ACT_IDX_HI_IDENT_LNK_PROCINST` (`PROC_INST_ID_`)
) ENGINE=InnoDB DEFAULT CHARSET=utf8 COLLATE=utf8_bin;

-- ----------------------------
-- Records of act_hi_identitylink
-- ----------------------------
INSERT INTO `act_hi_identitylink` VALUES ('20005', 'emp', 'candidate', null, '20004', null);
INSERT INTO `act_hi_identitylink` VALUES ('22506', 'emp', 'candidate', null, '22505', null);
INSERT INTO `act_hi_identitylink` VALUES ('22509', 'zuz', 'candidate', null, '22508', null);
INSERT INTO `act_hi_identitylink` VALUES ('22513', null, 'participant', '[]', null, '22501');
INSERT INTO `act_hi_identitylink` VALUES ('22519', 'jl', 'candidate', null, '22518', null);
INSERT INTO `act_hi_identitylink` VALUES ('22522', 'zj', 'candidate', null, '22521', null);
INSERT INTO `act_hi_identitylink` VALUES ('25002', null, 'participant', 'sdsd[]', null, '22501');
INSERT INTO `act_hi_identitylink` VALUES ('25005', null, 'participant', '[]', null, '22501');
INSERT INTO `act_hi_identitylink` VALUES ('25009', 'rshi', 'candidate', null, '25008', null);
INSERT INTO `act_hi_identitylink` VALUES ('27503', null, 'participant', 'sdsd[]', null, '22501');
INSERT INTO `act_hi_identitylink` VALUES ('27507', 'fz', 'candidate', null, '27506', null);
INSERT INTO `act_hi_identitylink` VALUES ('27509', null, 'participant', '[]', null, '22501');
INSERT INTO `act_hi_identitylink` VALUES ('30006', 'emp', 'candidate', null, '30005', null);
INSERT INTO `act_hi_identitylink` VALUES ('30009', 'zuz', 'candidate', null, '30008', null);
INSERT INTO `act_hi_identitylink` VALUES ('32504', null, 'participant', '[]', null, '30001');
INSERT INTO `act_hi_identitylink` VALUES ('32510', 'jl', 'candidate', null, '32509', null);
INSERT INTO `act_hi_identitylink` VALUES ('32513', 'zj', 'candidate', null, '32512', null);
INSERT INTO `act_hi_identitylink` VALUES ('35002', null, 'participant', 'sdsd[]', null, '30001');
INSERT INTO `act_hi_identitylink` VALUES ('35005', null, 'participant', '[]', null, '30001');
INSERT INTO `act_hi_identitylink` VALUES ('35009', 'rshi', 'candidate', null, '35008', null);
INSERT INTO `act_hi_identitylink` VALUES ('35011', null, 'participant', 'sdsd[]', null, '30001');
INSERT INTO `act_hi_identitylink` VALUES ('35015', 'zc', 'candidate', null, '35014', null);
INSERT INTO `act_hi_identitylink` VALUES ('37502', null, 'participant', '[]', null, '30001');
INSERT INTO `act_hi_identitylink` VALUES ('42506', 'emp', 'candidate', null, '42505', null);
INSERT INTO `act_hi_identitylink` VALUES ('42509', 'zuz', 'candidate', null, '42508', null);
INSERT INTO `act_hi_identitylink` VALUES ('42513', null, 'participant', '[]', null, '42501');
INSERT INTO `act_hi_identitylink` VALUES ('42519', 'jl', 'candidate', null, '42518', null);
INSERT INTO `act_hi_identitylink` VALUES ('42522', 'zj', 'candidate', null, '42521', null);
INSERT INTO `act_hi_identitylink` VALUES ('42524', null, 'participant', '[]', null, '42501');
INSERT INTO `act_hi_identitylink` VALUES ('42527', null, 'participant', 'sdsd[]', null, '42501');
INSERT INTO `act_hi_identitylink` VALUES ('42531', 'rshi', 'candidate', null, '42530', null);
INSERT INTO `act_hi_identitylink` VALUES ('42533', null, 'participant', 'sdsd[]', null, '42501');
INSERT INTO `act_hi_identitylink` VALUES ('42537', 'zc', 'candidate', null, '42536', null);
INSERT INTO `act_hi_identitylink` VALUES ('42539', null, 'participant', '[]', null, '42501');

-- ----------------------------
-- Table structure for `act_hi_procinst`
-- ----------------------------
DROP TABLE IF EXISTS `act_hi_procinst`;
CREATE TABLE `act_hi_procinst` (
  `ID_` varchar(64) COLLATE utf8_bin NOT NULL,
  `PROC_INST_ID_` varchar(64) COLLATE utf8_bin NOT NULL,
  `BUSINESS_KEY_` varchar(255) COLLATE utf8_bin DEFAULT NULL,
  `PROC_DEF_ID_` varchar(64) COLLATE utf8_bin NOT NULL,
  `START_TIME_` datetime NOT NULL,
  `END_TIME_` datetime DEFAULT NULL,
  `DURATION_` bigint(20) DEFAULT NULL,
  `START_USER_ID_` varchar(255) COLLATE utf8_bin DEFAULT NULL,
  `START_ACT_ID_` varchar(255) COLLATE utf8_bin DEFAULT NULL,
  `END_ACT_ID_` varchar(255) COLLATE utf8_bin DEFAULT NULL,
  `SUPER_PROCESS_INSTANCE_ID_` varchar(64) COLLATE utf8_bin DEFAULT NULL,
  `DELETE_REASON_` varchar(4000) COLLATE utf8_bin DEFAULT NULL,
  `TENANT_ID_` varchar(255) COLLATE utf8_bin DEFAULT '',
  `NAME_` varchar(255) COLLATE utf8_bin DEFAULT NULL,
  PRIMARY KEY (`ID_`),
  UNIQUE KEY `PROC_INST_ID_` (`PROC_INST_ID_`),
  KEY `ACT_IDX_HI_PRO_INST_END` (`END_TIME_`),
  KEY `ACT_IDX_HI_PRO_I_BUSKEY` (`BUSINESS_KEY_`)
) ENGINE=InnoDB DEFAULT CHARSET=utf8 COLLATE=utf8_bin;

-- ----------------------------
-- Records of act_hi_procinst
-- ----------------------------
INSERT INTO `act_hi_procinst` VALUES ('20001', '20001', null, 'activitiemployeeProcess:1:17504', '2017-03-15 16:53:31', null, null, null, 'startevent2', null, null, null, '', null);
INSERT INTO `act_hi_procinst` VALUES ('22501', '22501', null, 'activitiemployeeProcess:1:17504', '2017-03-15 16:57:01', '2017-03-15 17:19:20', '1339459', null, 'startevent2', 'endevent2', null, null, '', null);
INSERT INTO `act_hi_procinst` VALUES ('30001', '30001', null, 'activitiemployeeProcess:1:17504', '2017-03-16 10:32:32', '2017-03-16 14:49:47', '15435981', null, 'startevent2', 'endevent2', null, null, '', null);
INSERT INTO `act_hi_procinst` VALUES ('42501', '42501', null, 'activitiemployeeProcess:2:40004', '2017-03-16 15:41:28', '2017-03-16 16:16:05', '2077281', null, 'startevent2', 'endevent2', null, null, '', null);

-- ----------------------------
-- Table structure for `act_hi_taskinst`
-- ----------------------------
DROP TABLE IF EXISTS `act_hi_taskinst`;
CREATE TABLE `act_hi_taskinst` (
  `ID_` varchar(64) COLLATE utf8_bin NOT NULL,
  `PROC_DEF_ID_` varchar(64) COLLATE utf8_bin DEFAULT NULL,
  `TASK_DEF_KEY_` varchar(255) COLLATE utf8_bin DEFAULT NULL,
  `PROC_INST_ID_` varchar(64) COLLATE utf8_bin DEFAULT NULL,
  `EXECUTION_ID_` varchar(64) COLLATE utf8_bin DEFAULT NULL,
  `NAME_` varchar(255) COLLATE utf8_bin DEFAULT NULL,
  `PARENT_TASK_ID_` varchar(64) COLLATE utf8_bin DEFAULT NULL,
  `DESCRIPTION_` varchar(4000) COLLATE utf8_bin DEFAULT NULL,
  `OWNER_` varchar(255) COLLATE utf8_bin DEFAULT NULL,
  `ASSIGNEE_` varchar(255) COLLATE utf8_bin DEFAULT NULL,
  `START_TIME_` datetime NOT NULL,
  `CLAIM_TIME_` datetime DEFAULT NULL,
  `END_TIME_` datetime DEFAULT NULL,
  `DURATION_` bigint(20) DEFAULT NULL,
  `DELETE_REASON_` varchar(4000) COLLATE utf8_bin DEFAULT NULL,
  `PRIORITY_` int(11) DEFAULT NULL,
  `DUE_DATE_` datetime DEFAULT NULL,
  `FORM_KEY_` varchar(255) COLLATE utf8_bin DEFAULT NULL,
  `CATEGORY_` varchar(255) COLLATE utf8_bin DEFAULT NULL,
  `TENANT_ID_` varchar(255) COLLATE utf8_bin DEFAULT '',
  PRIMARY KEY (`ID_`),
  KEY `ACT_IDX_HI_TASK_INST_PROCINST` (`PROC_INST_ID_`)
) ENGINE=InnoDB DEFAULT CHARSET=utf8 COLLATE=utf8_bin;

-- ----------------------------
-- Records of act_hi_taskinst
-- ----------------------------
INSERT INTO `act_hi_taskinst` VALUES ('20004', 'activitiemployeeProcess:1:17504', 'usertask6', '20001', '20001', '', null, null, null, null, '2017-03-15 16:53:31', null, null, null, null, '50', null, null, null, '');
INSERT INTO `act_hi_taskinst` VALUES ('22505', 'activitiemployeeProcess:1:17504', 'usertask6', '22501', '22501', '', null, null, null, null, '2017-03-15 16:57:01', null, '2017-03-15 16:57:02', '1039', 'completed', '50', null, null, null, '');
INSERT INTO `act_hi_taskinst` VALUES ('22508', 'activitiemployeeProcess:1:17504', 'usertask7', '22501', '22501', '', null, null, null, null, '2017-03-15 16:57:02', null, '2017-03-15 16:58:18', '76020', 'completed', '50', null, 'audit_bz.jsp', null, '');
INSERT INTO `act_hi_taskinst` VALUES ('22518', 'activitiemployeeProcess:1:17504', 'usertask8', '22501', '22515', '', null, null, null, null, '2017-03-15 16:58:18', null, '2017-03-15 17:09:06', '648565', 'completed', '50', null, 'audit_ld.jsp', null, '');
INSERT INTO `act_hi_taskinst` VALUES ('22521', 'activitiemployeeProcess:1:17504', 'usertask9', '22501', '22516', '', null, null, null, null, '2017-03-15 16:58:18', null, '2017-03-15 17:10:48', '750316', 'completed', '50', null, 'audit_ld.jsp', null, '');
INSERT INTO `act_hi_taskinst` VALUES ('25008', 'activitiemployeeProcess:1:17504', 'usertask10', '22501', '22501', '', null, null, null, null, '2017-03-15 17:10:48', null, '2017-03-15 17:17:07', '379913', 'completed', '50', null, 'audit_ld.jsp', null, '');
INSERT INTO `act_hi_taskinst` VALUES ('30005', 'activitiemployeeProcess:1:17504', 'usertask6', '30001', '30001', '', null, null, null, null, '2017-03-16 10:32:32', null, '2017-03-16 10:32:33', '1106', 'completed', '50', null, null, null, '');
INSERT INTO `act_hi_taskinst` VALUES ('30008', 'activitiemployeeProcess:1:17504', 'usertask7', '30001', '30001', '', null, null, null, null, '2017-03-16 10:32:33', null, '2017-03-16 11:09:57', '2244024', 'completed', '50', null, 'audit_bz.jsp', null, '');
INSERT INTO `act_hi_taskinst` VALUES ('32509', 'activitiemployeeProcess:1:17504', 'usertask8', '30001', '32506', '', null, null, null, null, '2017-03-16 11:09:57', null, '2017-03-16 11:27:05', '1028241', 'completed', '50', null, 'audit_ld.jsp', null, '');
INSERT INTO `act_hi_taskinst` VALUES ('32512', 'activitiemployeeProcess:1:17504', 'usertask9', '30001', '32507', '', null, null, null, null, '2017-03-16 11:09:57', null, '2017-03-16 11:28:09', '1092778', 'completed', '50', null, 'audit_ld.jsp', null, '');
INSERT INTO `act_hi_taskinst` VALUES ('35008', 'activitiemployeeProcess:1:17504', 'usertask10', '30001', '30001', '', null, null, null, null, '2017-03-16 11:28:09', null, '2017-03-16 11:29:31', '82767', 'completed', '50', null, 'audit_ld.jsp', null, '');
INSERT INTO `act_hi_taskinst` VALUES ('35014', 'activitiemployeeProcess:1:17504', 'usertask12', '30001', '30001', '', null, null, null, null, '2017-03-16 11:29:31', null, '2017-03-16 14:49:47', '12016777', 'completed', '50', null, 'audit_ld.jsp', null, '');
INSERT INTO `act_hi_taskinst` VALUES ('42505', 'activitiemployeeProcess:2:40004', 'usertask6', '42501', '42501', '', null, null, null, null, '2017-03-16 15:41:28', null, '2017-03-16 15:41:29', '1546', 'completed', '50', null, null, null, '');
INSERT INTO `act_hi_taskinst` VALUES ('42508', 'activitiemployeeProcess:2:40004', 'usertask7', '42501', '42501', '', null, null, null, null, '2017-03-16 15:41:29', null, '2017-03-16 15:49:14', '465112', 'completed', '50', null, 'audit_bz.jsp', null, '');
INSERT INTO `act_hi_taskinst` VALUES ('42518', 'activitiemployeeProcess:2:40004', 'usertask8', '42501', '42515', '', null, null, null, null, '2017-03-16 15:49:14', null, '2017-03-16 16:08:00', '1126213', 'completed', '50', null, 'audit_ld.jsp', null, '');
INSERT INTO `act_hi_taskinst` VALUES ('42521', 'activitiemployeeProcess:2:40004', 'usertask9', '42501', '42516', '', null, null, null, null, '2017-03-16 15:49:14', null, '2017-03-16 16:07:22', '1088650', 'completed', '50', null, 'audit_ld.jsp', null, '');
INSERT INTO `act_hi_taskinst` VALUES ('42530', 'activitiemployeeProcess:2:40004', 'usertask10', '42501', '42501', '', null, null, null, null, '2017-03-16 16:08:00', null, '2017-03-16 16:08:59', '59093', 'completed', '50', null, 'audit_ld.jsp', null, '');
INSERT INTO `act_hi_taskinst` VALUES ('42536', 'activitiemployeeProcess:2:40004', 'usertask12', '42501', '42501', '', null, null, null, null, '2017-03-16 16:08:59', null, '2017-03-16 16:16:05', '426274', 'completed', '50', null, 'audit_ld.jsp', null, '');

-- ----------------------------
-- Table structure for `act_hi_varinst`
-- ----------------------------
DROP TABLE IF EXISTS `act_hi_varinst`;
CREATE TABLE `act_hi_varinst` (
  `ID_` varchar(64) COLLATE utf8_bin NOT NULL,
  `PROC_INST_ID_` varchar(64) COLLATE utf8_bin DEFAULT NULL,
  `EXECUTION_ID_` varchar(64) COLLATE utf8_bin DEFAULT NULL,
  `TASK_ID_` varchar(64) COLLATE utf8_bin DEFAULT NULL,
  `NAME_` varchar(255) COLLATE utf8_bin NOT NULL,
  `VAR_TYPE_` varchar(100) COLLATE utf8_bin DEFAULT NULL,
  `REV_` int(11) DEFAULT NULL,
  `BYTEARRAY_ID_` varchar(64) COLLATE utf8_bin DEFAULT NULL,
  `DOUBLE_` double DEFAULT NULL,
  `LONG_` bigint(20) DEFAULT NULL,
  `TEXT_` varchar(4000) COLLATE utf8_bin DEFAULT NULL,
  `TEXT2_` varchar(4000) COLLATE utf8_bin DEFAULT NULL,
  `CREATE_TIME_` datetime DEFAULT NULL,
  `LAST_UPDATED_TIME_` datetime DEFAULT NULL,
  PRIMARY KEY (`ID_`),
  KEY `ACT_IDX_HI_PROCVAR_PROC_INST` (`PROC_INST_ID_`),
  KEY `ACT_IDX_HI_PROCVAR_NAME_TYPE` (`NAME_`,`VAR_TYPE_`),
  KEY `ACT_IDX_HI_PROCVAR_TASK_ID` (`TASK_ID_`)
) ENGINE=InnoDB DEFAULT CHARSET=utf8 COLLATE=utf8_bin;

-- ----------------------------
-- Records of act_hi_varinst
-- ----------------------------
INSERT INTO `act_hi_varinst` VALUES ('22503', '22501', '22501', null, 'leaveId', 'string', '1', null, null, null, '5', null, '2017-03-15 16:57:01', '2017-03-15 17:19:20');
INSERT INTO `act_hi_varinst` VALUES ('22511', '22501', '22501', null, 'msg', 'string', '4', null, null, null, '', null, '2017-03-15 16:58:18', '2017-03-15 17:19:20');
INSERT INTO `act_hi_varinst` VALUES ('22512', '22501', '22501', null, 'days', 'integer', '3', null, null, '5', '5', null, '2017-03-15 16:58:18', '2017-03-15 17:19:20');
INSERT INTO `act_hi_varinst` VALUES ('27502', '22501', '22501', null, 'dasy', 'integer', '1', null, null, '5', '5', null, '2017-03-15 17:17:07', '2017-03-15 17:19:20');
INSERT INTO `act_hi_varinst` VALUES ('30003', '30001', '30001', null, 'leaveId', 'string', '1', null, null, null, '6', null, '2017-03-16 10:32:32', '2017-03-16 14:49:47');
INSERT INTO `act_hi_varinst` VALUES ('32502', '30001', '30001', null, 'msg', 'string', '4', null, null, null, '', null, '2017-03-16 11:09:57', '2017-03-16 14:49:47');
INSERT INTO `act_hi_varinst` VALUES ('32503', '30001', '30001', null, 'dasy', 'integer', '4', null, null, '10', '10', null, '2017-03-16 11:09:57', '2017-03-16 14:49:47');
INSERT INTO `act_hi_varinst` VALUES ('42503', '42501', '42501', null, 'leaveId', 'string', '1', null, null, null, '11', null, '2017-03-16 15:41:28', '2017-03-16 16:16:05');
INSERT INTO `act_hi_varinst` VALUES ('42511', '42501', '42501', null, 'msg', 'string', '4', null, null, null, '', null, '2017-03-16 15:49:14', '2017-03-16 16:16:05');
INSERT INTO `act_hi_varinst` VALUES ('42512', '42501', '42501', null, 'dasy', 'integer', '4', null, null, '10', '10', null, '2017-03-16 15:49:14', '2017-03-16 16:16:05');

-- ----------------------------
-- Table structure for `act_id_group`
-- ----------------------------
DROP TABLE IF EXISTS `act_id_group`;
CREATE TABLE `act_id_group` (
  `ID_` varchar(64) COLLATE utf8_bin NOT NULL DEFAULT '',
  `REV_` int(11) DEFAULT NULL,
  `NAME_` varchar(255) COLLATE utf8_bin DEFAULT NULL,
  `TYPE_` varchar(255) COLLATE utf8_bin DEFAULT NULL,
  PRIMARY KEY (`ID_`)
) ENGINE=InnoDB DEFAULT CHARSET=utf8 COLLATE=utf8_bin;

-- ----------------------------
-- Records of act_id_group
-- ----------------------------
INSERT INTO `act_id_group` VALUES ('emp', null, '', null);
INSERT INTO `act_id_group` VALUES ('fz', null, '', null);
INSERT INTO `act_id_group` VALUES ('gly', null, '', null);
INSERT INTO `act_id_group` VALUES ('jl', null, '', null);
INSERT INTO `act_id_group` VALUES ('rshi', null, '', null);
INSERT INTO `act_id_group` VALUES ('zc', null, '', null);
INSERT INTO `act_id_group` VALUES ('zj', null, '', null);
INSERT INTO `act_id_group` VALUES ('zuz', null, '', null);

-- ----------------------------
-- Table structure for `act_id_info`
-- ----------------------------
DROP TABLE IF EXISTS `act_id_info`;
CREATE TABLE `act_id_info` (
  `ID_` varchar(64) COLLATE utf8_bin NOT NULL DEFAULT '',
  `REV_` int(11) DEFAULT NULL,
  `USER_ID_` varchar(64) COLLATE utf8_bin DEFAULT NULL,
  `TYPE_` varchar(64) COLLATE utf8_bin DEFAULT NULL,
  `KEY_` varchar(255) COLLATE utf8_bin DEFAULT NULL,
  `VALUE_` varchar(255) COLLATE utf8_bin DEFAULT NULL,
  `PASSWORD_` longblob,
  `PARENT_ID_` varchar(255) COLLATE utf8_bin DEFAULT NULL,
  PRIMARY KEY (`ID_`)
) ENGINE=InnoDB DEFAULT CHARSET=utf8 COLLATE=utf8_bin;

-- ----------------------------
-- Records of act_id_info
-- ----------------------------

-- ----------------------------
-- Table structure for `act_id_membership`
-- ----------------------------
DROP TABLE IF EXISTS `act_id_membership`;
CREATE TABLE `act_id_membership` (
  `USER_ID_` varchar(64) COLLATE utf8_bin NOT NULL DEFAULT '',
  `GROUP_ID_` varchar(64) COLLATE utf8_bin NOT NULL DEFAULT '',
  PRIMARY KEY (`USER_ID_`,`GROUP_ID_`),
  KEY `ACT_FK_MEMB_GROUP` (`GROUP_ID_`),
  CONSTRAINT `ACT_FK_MEMB_GROUP` FOREIGN KEY (`GROUP_ID_`) REFERENCES `act_id_group` (`ID_`),
  CONSTRAINT `ACT_FK_MEMB_USER` FOREIGN KEY (`USER_ID_`) REFERENCES `act_id_user` (`ID_`)
) ENGINE=InnoDB DEFAULT CHARSET=utf8 COLLATE=utf8_bin;

-- ----------------------------
-- Records of act_id_membership
-- ----------------------------
INSERT INTO `act_id_membership` VALUES ('lisi', 'emp');
INSERT INTO `act_id_membership` VALUES ('wangba', 'emp');
INSERT INTO `act_id_membership` VALUES ('zhangsan', 'emp');
INSERT INTO `act_id_membership` VALUES ('dzt', 'fz');
INSERT INTO `act_id_membership` VALUES ('sjb', 'gly');
INSERT INTO `act_id_membership` VALUES ('ss', 'jl');
INSERT INTO `act_id_membership` VALUES ('szx', 'jl');
INSERT INTO `act_id_membership` VALUES ('ss', 'rshi');
INSERT INTO `act_id_membership` VALUES ('cc2', 'zc');
INSERT INTO `act_id_membership` VALUES ('lyj', 'zj');
INSERT INTO `act_id_membership` VALUES ('wangba', 'zuz');

-- ----------------------------
-- Table structure for `act_id_user`
-- ----------------------------
DROP TABLE IF EXISTS `act_id_user`;
CREATE TABLE `act_id_user` (
  `ID_` varchar(64) COLLATE utf8_bin NOT NULL DEFAULT '',
  `REV_` int(11) DEFAULT NULL,
  `FIRST_` varchar(255) COLLATE utf8_bin DEFAULT NULL,
  `LAST_` varchar(255) COLLATE utf8_bin DEFAULT NULL,
  `EMAIL_` varchar(255) COLLATE utf8_bin DEFAULT NULL,
  `PWD_` varchar(255) COLLATE utf8_bin DEFAULT NULL,
  `PICTURE_ID_` varchar(64) COLLATE utf8_bin DEFAULT NULL,
  PRIMARY KEY (`ID_`)
) ENGINE=InnoDB DEFAULT CHARSET=utf8 COLLATE=utf8_bin;

-- ----------------------------
-- Records of act_id_user
-- ----------------------------
INSERT INTO `act_id_user` VALUES ('cc2', null, '', '', 'sds@qq.com', '12', null);
INSERT INTO `act_id_user` VALUES ('dzt', null, '', '', '123@qq.com', '123', null);
INSERT INTO `act_id_user` VALUES ('lisi', null, '', '', '123@qq.com', '1', null);
INSERT INTO `act_id_user` VALUES ('lyj', null, '', '', '123@qq.com', '123', null);
INSERT INTO `act_id_user` VALUES ('sjb', null, '', '', '123@qq.com', '123', null);
INSERT INTO `act_id_user` VALUES ('ss', null, 'sd', 'sd', 'sds@qq.com', 'd', null);
INSERT INTO `act_id_user` VALUES ('szx', null, '', '', '123@qq.com', '123', null);
INSERT INTO `act_id_user` VALUES ('wangba', null, '', '', '123@qq.com', '123', null);
INSERT INTO `act_id_user` VALUES ('xx', null, '1', '1', 'sds@qq.com', '1', null);
INSERT INTO `act_id_user` VALUES ('zhangsan', null, '', '', '123@qq.com', '123', null);

-- ----------------------------
-- Table structure for `act_procdef_info`
-- ----------------------------
DROP TABLE IF EXISTS `act_procdef_info`;
CREATE TABLE `act_procdef_info` (
  `ID_` varchar(64) COLLATE utf8_bin NOT NULL,
  `PROC_DEF_ID_` varchar(64) COLLATE utf8_bin NOT NULL,
  `REV_` int(11) DEFAULT NULL,
  `INFO_JSON_ID_` varchar(64) COLLATE utf8_bin DEFAULT NULL,
  PRIMARY KEY (`ID_`),
  UNIQUE KEY `ACT_UNIQ_INFO_PROCDEF` (`PROC_DEF_ID_`),
  KEY `ACT_IDX_INFO_PROCDEF` (`PROC_DEF_ID_`),
  KEY `ACT_FK_INFO_JSON_BA` (`INFO_JSON_ID_`),
  CONSTRAINT `ACT_FK_INFO_JSON_BA` FOREIGN KEY (`INFO_JSON_ID_`) REFERENCES `act_ge_bytearray` (`ID_`),
  CONSTRAINT `ACT_FK_INFO_PROCDEF` FOREIGN KEY (`PROC_DEF_ID_`) REFERENCES `act_re_procdef` (`ID_`)
) ENGINE=InnoDB DEFAULT CHARSET=utf8 COLLATE=utf8_bin;

-- ----------------------------
-- Records of act_procdef_info
-- ----------------------------

-- ----------------------------
-- Table structure for `act_re_deployment`
-- ----------------------------
DROP TABLE IF EXISTS `act_re_deployment`;
CREATE TABLE `act_re_deployment` (
  `ID_` varchar(64) COLLATE utf8_bin NOT NULL DEFAULT '',
  `NAME_` varchar(255) COLLATE utf8_bin DEFAULT NULL,
  `CATEGORY_` varchar(255) COLLATE utf8_bin DEFAULT NULL,
  `TENANT_ID_` varchar(255) COLLATE utf8_bin DEFAULT '',
  `DEPLOY_TIME_` timestamp NULL DEFAULT NULL,
  PRIMARY KEY (`ID_`)
) ENGINE=InnoDB DEFAULT CHARSET=utf8 COLLATE=utf8_bin;

-- ----------------------------
-- Records of act_re_deployment
-- ----------------------------
INSERT INTO `act_re_deployment` VALUES ('17501', '', null, '', '2017-03-15 16:53:02');
INSERT INTO `act_re_deployment` VALUES ('40001', '', null, '', '2017-03-16 15:12:42');

-- ----------------------------
-- Table structure for `act_re_model`
-- ----------------------------
DROP TABLE IF EXISTS `act_re_model`;
CREATE TABLE `act_re_model` (
  `ID_` varchar(64) COLLATE utf8_bin NOT NULL,
  `REV_` int(11) DEFAULT NULL,
  `NAME_` varchar(255) COLLATE utf8_bin DEFAULT NULL,
  `KEY_` varchar(255) COLLATE utf8_bin DEFAULT NULL,
  `CATEGORY_` varchar(255) COLLATE utf8_bin DEFAULT NULL,
  `CREATE_TIME_` timestamp NULL DEFAULT NULL,
  `LAST_UPDATE_TIME_` timestamp NULL DEFAULT NULL,
  `VERSION_` int(11) DEFAULT NULL,
  `META_INFO_` varchar(4000) COLLATE utf8_bin DEFAULT NULL,
  `DEPLOYMENT_ID_` varchar(64) COLLATE utf8_bin DEFAULT NULL,
  `EDITOR_SOURCE_VALUE_ID_` varchar(64) COLLATE utf8_bin DEFAULT NULL,
  `EDITOR_SOURCE_EXTRA_VALUE_ID_` varchar(64) COLLATE utf8_bin DEFAULT NULL,
  `TENANT_ID_` varchar(255) COLLATE utf8_bin DEFAULT '',
  PRIMARY KEY (`ID_`),
  KEY `ACT_FK_MODEL_SOURCE` (`EDITOR_SOURCE_VALUE_ID_`),
  KEY `ACT_FK_MODEL_SOURCE_EXTRA` (`EDITOR_SOURCE_EXTRA_VALUE_ID_`),
  KEY `ACT_FK_MODEL_DEPLOYMENT` (`DEPLOYMENT_ID_`),
  CONSTRAINT `ACT_FK_MODEL_DEPLOYMENT` FOREIGN KEY (`DEPLOYMENT_ID_`) REFERENCES `act_re_deployment` (`ID_`),
  CONSTRAINT `ACT_FK_MODEL_SOURCE` FOREIGN KEY (`EDITOR_SOURCE_VALUE_ID_`) REFERENCES `act_ge_bytearray` (`ID_`),
  CONSTRAINT `ACT_FK_MODEL_SOURCE_EXTRA` FOREIGN KEY (`EDITOR_SOURCE_EXTRA_VALUE_ID_`) REFERENCES `act_ge_bytearray` (`ID_`)
) ENGINE=InnoDB DEFAULT CHARSET=utf8 COLLATE=utf8_bin;

-- ----------------------------
-- Records of act_re_model
-- ----------------------------

-- ----------------------------
-- Table structure for `act_re_procdef`
-- ----------------------------
DROP TABLE IF EXISTS `act_re_procdef`;
CREATE TABLE `act_re_procdef` (
  `ID_` varchar(64) COLLATE utf8_bin NOT NULL,
  `REV_` int(11) DEFAULT NULL,
  `CATEGORY_` varchar(255) COLLATE utf8_bin DEFAULT NULL,
  `NAME_` varchar(255) COLLATE utf8_bin DEFAULT NULL,
  `KEY_` varchar(255) COLLATE utf8_bin NOT NULL,
  `VERSION_` int(11) NOT NULL,
  `DEPLOYMENT_ID_` varchar(64) COLLATE utf8_bin DEFAULT NULL,
  `RESOURCE_NAME_` varchar(4000) COLLATE utf8_bin DEFAULT NULL,
  `DGRM_RESOURCE_NAME_` varchar(4000) COLLATE utf8_bin DEFAULT NULL,
  `DESCRIPTION_` varchar(4000) COLLATE utf8_bin DEFAULT NULL,
  `HAS_START_FORM_KEY_` tinyint(4) DEFAULT NULL,
  `HAS_GRAPHICAL_NOTATION_` tinyint(4) DEFAULT NULL,
  `SUSPENSION_STATE_` int(11) DEFAULT NULL,
  `TENANT_ID_` varchar(255) COLLATE utf8_bin DEFAULT '',
  PRIMARY KEY (`ID_`),
  UNIQUE KEY `ACT_UNIQ_PROCDEF` (`KEY_`,`VERSION_`,`TENANT_ID_`)
) ENGINE=InnoDB DEFAULT CHARSET=utf8 COLLATE=utf8_bin;

-- ----------------------------
-- Records of act_re_procdef
-- ----------------------------
INSERT INTO `act_re_procdef` VALUES ('activitiemployeeProcess:1:17504', '1', 'http://www.activiti.org/test', 'Activiti Employee Process', 'activitiemployeeProcess', '1', '17501', 'diagrams/activitiEmployeeProcess.bpmn', 'diagrams/activitiEmployeeProcess.png', null, '0', '1', '1', '');
INSERT INTO `act_re_procdef` VALUES ('activitiemployeeProcess:2:40004', '1', 'http://www.activiti.org/test', 'Activiti Employee Process', 'activitiemployeeProcess', '2', '40001', 'diagrams/activitiEmployeeProcess.bpmn', 'diagrams/activitiEmployeeProcess.png', null, '0', '1', '1', '');

-- ----------------------------
-- Table structure for `act_ru_event_subscr`
-- ----------------------------
DROP TABLE IF EXISTS `act_ru_event_subscr`;
CREATE TABLE `act_ru_event_subscr` (
  `ID_` varchar(64) COLLATE utf8_bin NOT NULL,
  `REV_` int(11) DEFAULT NULL,
  `EVENT_TYPE_` varchar(255) COLLATE utf8_bin NOT NULL,
  `EVENT_NAME_` varchar(255) COLLATE utf8_bin DEFAULT NULL,
  `EXECUTION_ID_` varchar(64) COLLATE utf8_bin DEFAULT NULL,
  `PROC_INST_ID_` varchar(64) COLLATE utf8_bin DEFAULT NULL,
  `ACTIVITY_ID_` varchar(64) COLLATE utf8_bin DEFAULT NULL,
  `CONFIGURATION_` varchar(255) COLLATE utf8_bin DEFAULT NULL,
  `CREATED_` timestamp NOT NULL DEFAULT CURRENT_TIMESTAMP,
  `PROC_DEF_ID_` varchar(64) COLLATE utf8_bin DEFAULT NULL,
  `TENANT_ID_` varchar(255) COLLATE utf8_bin DEFAULT '',
  PRIMARY KEY (`ID_`),
  KEY `ACT_IDX_EVENT_SUBSCR_CONFIG_` (`CONFIGURATION_`),
  KEY `ACT_FK_EVENT_EXEC` (`EXECUTION_ID_`),
  CONSTRAINT `ACT_FK_EVENT_EXEC` FOREIGN KEY (`EXECUTION_ID_`) REFERENCES `act_ru_execution` (`ID_`)
) ENGINE=InnoDB DEFAULT CHARSET=utf8 COLLATE=utf8_bin;

-- ----------------------------
-- Records of act_ru_event_subscr
-- ----------------------------

-- ----------------------------
-- Table structure for `act_ru_execution`
-- ----------------------------
DROP TABLE IF EXISTS `act_ru_execution`;
CREATE TABLE `act_ru_execution` (
  `ID_` varchar(64) COLLATE utf8_bin NOT NULL DEFAULT '',
  `REV_` int(11) DEFAULT NULL,
  `PROC_INST_ID_` varchar(64) COLLATE utf8_bin DEFAULT NULL,
  `BUSINESS_KEY_` varchar(255) COLLATE utf8_bin DEFAULT NULL,
  `PARENT_ID_` varchar(64) COLLATE utf8_bin DEFAULT NULL,
  `PROC_DEF_ID_` varchar(64) COLLATE utf8_bin DEFAULT NULL,
  `SUPER_EXEC_` varchar(64) COLLATE utf8_bin DEFAULT NULL,
  `ACT_ID_` varchar(255) COLLATE utf8_bin DEFAULT NULL,
  `IS_ACTIVE_` tinyint(4) DEFAULT NULL,
  `IS_CONCURRENT_` tinyint(4) DEFAULT NULL,
  `IS_SCOPE_` tinyint(4) DEFAULT NULL,
  `IS_EVENT_SCOPE_` tinyint(4) DEFAULT NULL,
  `SUSPENSION_STATE_` int(11) DEFAULT NULL,
  `CACHED_ENT_STATE_` int(11) DEFAULT NULL,
  `TENANT_ID_` varchar(255) COLLATE utf8_bin DEFAULT '',
  `NAME_` varchar(255) COLLATE utf8_bin DEFAULT NULL,
  `LOCK_TIME_` timestamp NULL DEFAULT NULL,
  PRIMARY KEY (`ID_`),
  KEY `ACT_IDX_EXEC_BUSKEY` (`BUSINESS_KEY_`),
  KEY `ACT_FK_EXE_PROCINST` (`PROC_INST_ID_`),
  KEY `ACT_FK_EXE_PARENT` (`PARENT_ID_`),
  KEY `ACT_FK_EXE_SUPER` (`SUPER_EXEC_`),
  KEY `ACT_FK_EXE_PROCDEF` (`PROC_DEF_ID_`),
  CONSTRAINT `ACT_FK_EXE_PARENT` FOREIGN KEY (`PARENT_ID_`) REFERENCES `act_ru_execution` (`ID_`),
  CONSTRAINT `ACT_FK_EXE_PROCDEF` FOREIGN KEY (`PROC_DEF_ID_`) REFERENCES `act_re_procdef` (`ID_`),
  CONSTRAINT `ACT_FK_EXE_PROCINST` FOREIGN KEY (`PROC_INST_ID_`) REFERENCES `act_ru_execution` (`ID_`) ON DELETE CASCADE ON UPDATE CASCADE,
  CONSTRAINT `ACT_FK_EXE_SUPER` FOREIGN KEY (`SUPER_EXEC_`) REFERENCES `act_ru_execution` (`ID_`)
) ENGINE=InnoDB DEFAULT CHARSET=utf8 COLLATE=utf8_bin;

-- ----------------------------
-- Records of act_ru_execution
-- ----------------------------
INSERT INTO `act_ru_execution` VALUES ('20001', '1', '20001', null, null, 'activitiemployeeProcess:1:17504', null, 'usertask6', '1', '0', '1', '0', '1', '2', '', null, null);

-- ----------------------------
-- Table structure for `act_ru_identitylink`
-- ----------------------------
DROP TABLE IF EXISTS `act_ru_identitylink`;
CREATE TABLE `act_ru_identitylink` (
  `ID_` varchar(64) COLLATE utf8_bin NOT NULL DEFAULT '',
  `REV_` int(11) DEFAULT NULL,
  `GROUP_ID_` varchar(255) COLLATE utf8_bin DEFAULT NULL,
  `TYPE_` varchar(255) COLLATE utf8_bin DEFAULT NULL,
  `USER_ID_` varchar(255) COLLATE utf8_bin DEFAULT NULL,
  `TASK_ID_` varchar(64) COLLATE utf8_bin DEFAULT NULL,
  `PROC_INST_ID_` varchar(64) COLLATE utf8_bin DEFAULT NULL,
  `PROC_DEF_ID_` varchar(64) COLLATE utf8_bin DEFAULT NULL,
  PRIMARY KEY (`ID_`),
  KEY `ACT_IDX_IDENT_LNK_USER` (`USER_ID_`),
  KEY `ACT_IDX_IDENT_LNK_GROUP` (`GROUP_ID_`),
  KEY `ACT_IDX_ATHRZ_PROCEDEF` (`PROC_DEF_ID_`),
  KEY `ACT_FK_TSKASS_TASK` (`TASK_ID_`),
  KEY `ACT_FK_IDL_PROCINST` (`PROC_INST_ID_`),
  CONSTRAINT `ACT_FK_ATHRZ_PROCEDEF` FOREIGN KEY (`PROC_DEF_ID_`) REFERENCES `act_re_procdef` (`ID_`),
  CONSTRAINT `ACT_FK_IDL_PROCINST` FOREIGN KEY (`PROC_INST_ID_`) REFERENCES `act_ru_execution` (`ID_`),
  CONSTRAINT `ACT_FK_TSKASS_TASK` FOREIGN KEY (`TASK_ID_`) REFERENCES `act_ru_task` (`ID_`)
) ENGINE=InnoDB DEFAULT CHARSET=utf8 COLLATE=utf8_bin;

-- ----------------------------
-- Records of act_ru_identitylink
-- ----------------------------
INSERT INTO `act_ru_identitylink` VALUES ('20005', '1', 'emp', 'candidate', null, '20004', null, null);

-- ----------------------------
-- Table structure for `act_ru_job`
-- ----------------------------
DROP TABLE IF EXISTS `act_ru_job`;
CREATE TABLE `act_ru_job` (
  `ID_` varchar(64) COLLATE utf8_bin NOT NULL,
  `REV_` int(11) DEFAULT NULL,
  `TYPE_` varchar(255) COLLATE utf8_bin NOT NULL,
  `LOCK_EXP_TIME_` timestamp NULL DEFAULT NULL,
  `LOCK_OWNER_` varchar(255) COLLATE utf8_bin DEFAULT NULL,
  `EXCLUSIVE_` tinyint(1) DEFAULT NULL,
  `EXECUTION_ID_` varchar(64) COLLATE utf8_bin DEFAULT NULL,
  `PROCESS_INSTANCE_ID_` varchar(64) COLLATE utf8_bin DEFAULT NULL,
  `PROC_DEF_ID_` varchar(64) COLLATE utf8_bin DEFAULT NULL,
  `RETRIES_` int(11) DEFAULT NULL,
  `EXCEPTION_STACK_ID_` varchar(64) COLLATE utf8_bin DEFAULT NULL,
  `EXCEPTION_MSG_` varchar(4000) COLLATE utf8_bin DEFAULT NULL,
  `DUEDATE_` timestamp NULL DEFAULT NULL,
  `REPEAT_` varchar(255) COLLATE utf8_bin DEFAULT NULL,
  `HANDLER_TYPE_` varchar(255) COLLATE utf8_bin DEFAULT NULL,
  `HANDLER_CFG_` varchar(4000) COLLATE utf8_bin DEFAULT NULL,
  `TENANT_ID_` varchar(255) COLLATE utf8_bin DEFAULT '',
  PRIMARY KEY (`ID_`),
  KEY `ACT_FK_JOB_EXCEPTION` (`EXCEPTION_STACK_ID_`),
  CONSTRAINT `ACT_FK_JOB_EXCEPTION` FOREIGN KEY (`EXCEPTION_STACK_ID_`) REFERENCES `act_ge_bytearray` (`ID_`)
) ENGINE=InnoDB DEFAULT CHARSET=utf8 COLLATE=utf8_bin;

-- ----------------------------
-- Records of act_ru_job
-- ----------------------------

-- ----------------------------
-- Table structure for `act_ru_task`
-- ----------------------------
DROP TABLE IF EXISTS `act_ru_task`;
CREATE TABLE `act_ru_task` (
  `ID_` varchar(64) COLLATE utf8_bin NOT NULL DEFAULT '',
  `REV_` int(11) DEFAULT NULL,
  `EXECUTION_ID_` varchar(64) COLLATE utf8_bin DEFAULT NULL,
  `PROC_INST_ID_` varchar(64) COLLATE utf8_bin DEFAULT NULL,
  `PROC_DEF_ID_` varchar(64) COLLATE utf8_bin DEFAULT NULL,
  `NAME_` varchar(255) COLLATE utf8_bin DEFAULT NULL,
  `PARENT_TASK_ID_` varchar(64) COLLATE utf8_bin DEFAULT NULL,
  `DESCRIPTION_` varchar(4000) COLLATE utf8_bin DEFAULT NULL,
  `TASK_DEF_KEY_` varchar(255) COLLATE utf8_bin DEFAULT NULL,
  `OWNER_` varchar(255) COLLATE utf8_bin DEFAULT NULL,
  `ASSIGNEE_` varchar(255) COLLATE utf8_bin DEFAULT NULL,
  `DELEGATION_` varchar(64) COLLATE utf8_bin DEFAULT NULL,
  `PRIORITY_` int(11) DEFAULT NULL,
  `CREATE_TIME_` timestamp NULL DEFAULT NULL,
  `DUE_DATE_` datetime DEFAULT NULL,
  `CATEGORY_` varchar(255) COLLATE utf8_bin DEFAULT NULL,
  `SUSPENSION_STATE_` int(11) DEFAULT NULL,
  `TENANT_ID_` varchar(255) COLLATE utf8_bin DEFAULT '',
  `FORM_KEY_` varchar(255) COLLATE utf8_bin DEFAULT NULL,
  PRIMARY KEY (`ID_`),
  KEY `ACT_IDX_TASK_CREATE` (`CREATE_TIME_`),
  KEY `ACT_FK_TASK_EXE` (`EXECUTION_ID_`),
  KEY `ACT_FK_TASK_PROCINST` (`PROC_INST_ID_`),
  KEY `ACT_FK_TASK_PROCDEF` (`PROC_DEF_ID_`),
  CONSTRAINT `ACT_FK_TASK_EXE` FOREIGN KEY (`EXECUTION_ID_`) REFERENCES `act_ru_execution` (`ID_`),
  CONSTRAINT `ACT_FK_TASK_PROCDEF` FOREIGN KEY (`PROC_DEF_ID_`) REFERENCES `act_re_procdef` (`ID_`),
  CONSTRAINT `ACT_FK_TASK_PROCINST` FOREIGN KEY (`PROC_INST_ID_`) REFERENCES `act_ru_execution` (`ID_`)
) ENGINE=InnoDB DEFAULT CHARSET=utf8 COLLATE=utf8_bin;

-- ----------------------------
-- Records of act_ru_task
-- ----------------------------
INSERT INTO `act_ru_task` VALUES ('20004', '1', '20001', '20001', 'activitiemployeeProcess:1:17504', '', null, null, 'usertask6', null, null, null, '50', '2017-03-15 16:53:31', null, null, '1', '', null);

-- ----------------------------
-- Table structure for `act_ru_variable`
-- ----------------------------
DROP TABLE IF EXISTS `act_ru_variable`;
CREATE TABLE `act_ru_variable` (
  `ID_` varchar(64) COLLATE utf8_bin NOT NULL,
  `REV_` int(11) DEFAULT NULL,
  `TYPE_` varchar(255) COLLATE utf8_bin NOT NULL,
  `NAME_` varchar(255) COLLATE utf8_bin NOT NULL,
  `EXECUTION_ID_` varchar(64) COLLATE utf8_bin DEFAULT NULL,
  `PROC_INST_ID_` varchar(64) COLLATE utf8_bin DEFAULT NULL,
  `TASK_ID_` varchar(64) COLLATE utf8_bin DEFAULT NULL,
  `BYTEARRAY_ID_` varchar(64) COLLATE utf8_bin DEFAULT NULL,
  `DOUBLE_` double DEFAULT NULL,
  `LONG_` bigint(20) DEFAULT NULL,
  `TEXT_` varchar(4000) COLLATE utf8_bin DEFAULT NULL,
  `TEXT2_` varchar(4000) COLLATE utf8_bin DEFAULT NULL,
  PRIMARY KEY (`ID_`),
  KEY `ACT_IDX_VARIABLE_TASK_ID` (`TASK_ID_`),
  KEY `ACT_FK_VAR_EXE` (`EXECUTION_ID_`),
  KEY `ACT_FK_VAR_PROCINST` (`PROC_INST_ID_`),
  KEY `ACT_FK_VAR_BYTEARRAY` (`BYTEARRAY_ID_`),
  CONSTRAINT `ACT_FK_VAR_BYTEARRAY` FOREIGN KEY (`BYTEARRAY_ID_`) REFERENCES `act_ge_bytearray` (`ID_`),
  CONSTRAINT `ACT_FK_VAR_EXE` FOREIGN KEY (`EXECUTION_ID_`) REFERENCES `act_ru_execution` (`ID_`),
  CONSTRAINT `ACT_FK_VAR_PROCINST` FOREIGN KEY (`PROC_INST_ID_`) REFERENCES `act_ru_execution` (`ID_`)
) ENGINE=InnoDB DEFAULT CHARSET=utf8 COLLATE=utf8_bin;

-- ----------------------------
-- Records of act_ru_variable
-- ----------------------------

-- ----------------------------
-- Table structure for `t_leave`
-- ----------------------------
DROP TABLE IF EXISTS `t_leave`;
CREATE TABLE `t_leave` (
  `id` int(11) NOT NULL AUTO_INCREMENT,
  `userId` varchar(64) DEFAULT NULL,
  `leaveDate` datetime DEFAULT NULL,
  `leaveDays` int(11) DEFAULT NULL,
  `leaveReason` text,
  `state` varchar(20) DEFAULT NULL,
  `processInstanceId` varchar(50) DEFAULT NULL,
  PRIMARY KEY (`id`)
) ENGINE=InnoDB AUTO_INCREMENT=12 DEFAULT CHARSET=utf8;

-- ----------------------------
-- Records of t_leave
-- ----------------------------
INSERT INTO `t_leave` VALUES ('5', 'zhangsan', '2017-03-15 16:56:59', '5', '', '', '22501');
INSERT INTO `t_leave` VALUES ('6', 'zhangsan', '2017-03-16 10:32:30', '10', '', '', '30001');
INSERT INTO `t_leave` VALUES ('10', 'zhangsan', '2017-03-16 11:25:21', '8', '', '', null);
INSERT INTO `t_leave` VALUES ('11', 'zhangsan', '2017-03-16 15:40:15', '10', '', '', '42501');
