<?xml version="1.0" encoding="UTF-8"?>
<beans xmlns="http://www.springframework.org/schema/beans"
       xmlns:xsi="http://www.w3.org/2001/XMLSchema-instance"
       xmlns:context="http://www.springframework.org/schema/context"
       xmlns:aop="http://www.springframework.org/schema/aop" xmlns:tx="http://www.springframework.org/schema/tx"
       xsi:schemaLocation="http://www.springframework.org/schema/beans http://www.springframework.org/schema/beans/spring-beans.xsd http://www.springframework.org/schema/context http://www.springframework.org/schema/context/spring-context.xsd http://www.springframework.org/schema/aop http://www.springframework.org/schema/aop/spring-aop.xsd http://www.springframework.org/schema/tx http://www.springframework.org/schema/tx/spring-tx.xsd">

    <context:property-placeholder location="WEB-INF/config/jdbc.properties"/>

    <bean id="dataSource" class="org.logicalcobwebs.proxool.ProxoolDataSource">
        <property name="driver" value="${jdbc.connection.driverClassName}" />
        <property name="driverUrl" value="${jdbc.connection.driverUrl}" />
        <property name="user" value="${jdbc.connection.user}" />
        <property name="password" value="${jdbc.connection.password}" />
        <property name="houseKeepingTestSql" value="${proxool.houseKeepingTestSql}"/>
        <!-- 最少保持的空闲连接数 （默认2个） -->
        <property name="prototypeCount" value="${proxool.prototypeCount}"/>
        <!-- proxool自动侦察各个连接状态的时间间隔(毫秒),侦察到空闲的连接就马上回收,超时的销毁 默认30秒） -->
        <property name="houseKeepingSleepTime" value="${proxool.hourseKeepingSleepTime}"/>
        <!-- 最大活动时间(超过此时间线程将被kill,默认为5分钟) -->
        <property name="maximumActiveTime" value="${proxool.maximumActiveTime}"/>
        <!-- 连接最长时间(默认为4个小时) -->
        <property name="maximumConnectionLifetime" value="${proxool.maximumConnectionLifetime}"/>
        <!-- 最小连接数 （默认2个） -->
        <property name="minimumConnectionCount" value="${proxool.minimumConnectionCount}"/>
        <!-- 最大连接数 （默认5个） -->
        <property name="maximumConnectionCount" value="${proxool.maximumConnectionCount}"/>
        <property name="alias" value="${proxool.alias}"/>
        <property name="simultaneousBuildThrottle" value="${proxool.simultaneousBuildThrottle}"/>
    </bean>

    <bean id="sqlSessionFactory" class="org.mybatis.spring.SqlSessionFactoryBean">
        <property name="dataSource" ref="dataSource" />
        <property name="configLocation" value="WEB-INF/config/mybatis.xml" />
        <property name="mapperLocations" value="classpath:com/gs/bean/**/*-mapper.xml" />
    </bean>

    <bean class="org.mybatis.spring.mapper.MapperScannerConfigurer">
        <property name="basePackage" value="com.gs.dao" />
        <property name="sqlSessionFactoryBeanName" value="sqlSessionFactory" />
    </bean>

    <bean id="transactionManager"
          class="org.springframework.jdbc.datasource.DataSourceTransactionManager">
        <property name="dataSource" ref="dataSource" />
    </bean>

    <tx:advice id="txAdvice" transaction-manager="transactionManager">
        <tx:attributes>
            <tx:method name="insert*" propagation="REQUIRED" rollback-for="java.lang.Throwable"/>
            <tx:method name="update*" propagation="REQUIRED" rollback-for="java.lang.Throwable"/>
            <tx:method name="delete*" propagation="REQUIRED" rollback-for="java.lang.Throwable"/>
            <tx:method name="query*" read-only="true"/>
            <tx:method name="count*" read-only="true"/>
            <tx:method name="*"/>
        </tx:attributes>
    </tx:advice>

    <aop:config>
        <aop:pointcut id="daoMethods" expression="execution(* com.gs.dao.*.*(..))"/>
        <aop:advisor advice-ref="txAdvice" pointcut-ref="daoMethods"/>
    </aop:config>

    <tx:annotation-driven transaction-manager="transactionManager"/>
</beans>