<?xml version="1.0" encoding="UTF-8"?>
<beans xmlns="http://www.springframework.org/schema/beans"
       xmlns:xsi="http://www.w3.org/2001/XMLSchema-instance"
       xmlns:context="http://www.springframework.org/schema/context"
       xmlns:mvc="http://www.springframework.org/schema/mvc"
       xsi:schemaLocation="http://www.springframework.org/schema/beans http://www.springframework.org/schema/beans/spring-beans.xsd http://www.springframework.org/schema/context http://www.springframework.org/schema/context/spring-context.xsd http://www.springframework.org/schema/mvc http://www.springframework.org/schema/mvc/spring-mvc.xsd">

    <context:component-scan base-package="com.gs.controller"/>

    <mvc:annotation-driven />
    <bean class="org.springframework.format.support.FormattingConversionServiceFactoryBean"></bean>

    <bean class="org.springframework.web.servlet.mvc.method.annotation.RequestMappingHandlerMapping"/>

    <bean class="org.springframework.web.servlet.view.InternalResourceViewResolver">
        <property name="prefix" value="/WEB-INF/views/"></property>
        <property name="suffix" value=".jsp"></property>
    </bean>

    <bean id="multipartResolver" class="com.gs.common.web.CommonsMultipartResolver">
        <property name="defaultEncoding" value="UTF-8" />
        <property name="maxUploadSize" value="209715200" />
        <property name="maxInMemorySize" value="40960" />
    </bean>

    <mvc:resources location="/images/" mapping="/images/**"/>
    <mvc:resources location="/css/" mapping="/css/**"/>
    <mvc:resources location="/js/" mapping="/js/**"/>
    <mvc:resources location="/uploads/" mapping="/uploads/**" />
    <mvc:resources location="/article/" mapping="/article/**" />
    <mvc:resources location="/ueditor/" mapping="/ueditor/**" />


    <bean id="mappingJacksonHttpMessageConverter"
          class="org.springframework.http.converter.json.MappingJackson2HttpMessageConverter">
        <property name="supportedMediaTypes">
            <list>
                <value>text/plain;charset=UTF-8</value>
                <value>application/json;charset=UTF-8</value>
            </list>
        </property>
    </bean>

    <bean class="org.springframework.web.servlet.mvc.method.annotation.RequestMappingHandlerAdapter">
        <property name="messageConverters">
            <list>
                <ref bean="mappingJacksonHttpMessageConverter"/>
            </list>
        </property>
    </bean>

</beans>